<assembly
	xmlns="http://maven.apache.org/plugins/maven-assembly-plugin/assembly/1.1.2"
	xmlns:xsi="http://www.w3.org/2001/XMLSchema-instance"
	xsi:schemaLocation="http://maven.apache.org/plugins/maven-assembly-plugin/assembly/1.1.2 http://maven.apache.org/xsd/assembly-1.1.2.xsd">
	<id></id>
	<formats>
		<format>zip</format>
	</formats>

	<fileSets>
		<!-- Backend Binaries -->
		<fileSet>
			<directory>${project.basedir}/generated/sugar-backend/binaries</directory>
			<includes>
				<include>*-springboot.war</include>
			</includes>
			<outputDirectory>sugar/backend/binaries</outputDirectory>
		</fileSet>
		<!-- Backend Configuration -->
		<fileSet>
			<directory>${project.basedir}/generated/sugar-backend/configuration</directory>
			<includes>
				<include>**/*.*</include>
			</includes>
			<outputDirectory>sugar/backend/configuration</outputDirectory>
		</fileSet>
		<fileSet>
			<directory>${project.basedir}/generated/spring-boot/configuration</directory>
			<includes>
				<include>**/*.*</include>
			</includes>
			<outputDirectory>sugar/backend/configuration</outputDirectory>
		</fileSet>

		<!-- Frontend Binaries -->
		<fileSet>
			<directory>${project.basedir}/generated/sugar-frontend/binaries</directory>
			<includes>
				<include>*-springboot.war</include>
			</includes>
			<outputDirectory>sugar/frontend/binaries</outputDirectory>
		</fileSet>
		<!-- Frontend Configuration -->
		<fileSet>
			<directory>${project.basedir}/generated/sugar-frontend/configuration</directory>
			<includes>
				<include>**/*.*</include>
			</includes>
			<outputDirectory>sugar/frontend/configuration</outputDirectory>
		</fileSet>
		<fileSet>
			<directory>${project.basedir}/generated/spring-boot/configuration</directory>
			<includes>
				<include>**/*.*</include>
			</includes>
			<outputDirectory>sugar/frontend/configuration</outputDirectory>
		</fileSet>

		<!-- Arender Binaries -->
		<fileSet>
			<directory>${project.basedir}/../sugar-arender/sugar-arender-hmi-ear/target</directory>
			<includes>
				<include>*.zip</include>
			</includes>
			<outputDirectory>sugar/frontend</outputDirectory>
		</fileSet>

		<!-- ARender Rendition Binaries -->
		<fileSet>
			<directory>${project.basedir}/../sugar-arender/sugar-arender-connector/target</directory>
			<includes>
				<include>*-bundle.jar</include>
			</includes>
			<outputDirectory>sugar/arender/binaries</outputDirectory>
		</fileSet>
		<!-- ARender Rendition Configuration -->
		<fileSet>
			<directory>${project.basedir}/../sugar-arender/sugar-arender-connector/packaging</directory>
			<includes>
				<include>*</include>
			</includes>
			<outputDirectory>sugar/arender/configuration</outputDirectory>
		</fileSet>
		<fileSet>
			<directory>${project.basedir}/generated/sugar-standalone-install-config/TC-SUGAR-ARender/Configuration</directory>
			<includes>
				<include>*</include>
			</includes>
			<outputDirectory>sugar/arender/configuration</outputDirectory>
		</fileSet>

		<!-- install scripts -->
		<fileSet>
			<directory>${project.basedir}/generated/sugar-standalone-install-scripts</directory>
			<excludes>
				<exclude>*.tmp</exclude>
			</excludes>
			<outputDirectory>/</outputDirectory>
		</fileSet>
		<fileSet>
			<directory>${project.basedir}/generated/TSP-common-install-scripts</directory>
			<excludes>
				<exclude>*.tmp</exclude>
			</excludes>
			<outputDirectory>/</outputDirectory>
		</fileSet>
		<fileSet>
			<directory>${project.basedir}/generated/sugar-standalone-install-config/bin</directory>
			<excludes>
				<exclude>*.tmp</exclude>
			</excludes>
			<outputDirectory>bin</outputDirectory>
		</fileSet>
		<!-- Mock Binaries -->
		<fileSet>
			<directory>${project.basedir}/../backend/webapp-mock/target</directory>
			<includes>
				<include>*.war</include>
			</includes>
			<outputDirectory>sugar/mock/binaries</outputDirectory>
		</fileSet>
		<fileSet>
			<directory>${project.basedir}/../backend/webapp-mock/target/dependency</directory>
			<includes>
				<include>jetty-runner.jar</include>
			</includes>
			<outputDirectory>sugar/mock/binaries</outputDirectory>
		</fileSet>
		<fileSet>
			<directory>${project.basedir}/../backend/webapp-mock/src/main/resources</directory>
			<includes>
				<include>*.bat</include>
				<include>*.sh</include>
			</includes>
			<filtered>true</filtered>
			<outputDirectory>sugar/mock/binaries</outputDirectory>
		</fileSet>
		<!-- Mock Configuration -->
		<fileSet>
			<directory>${project.basedir}/../backend/sugar-ws-webapp/src/main/resources</directory>
			<includes>
				<include>ehcache.xml</include>
				<include>log4j.xml</include>
			</includes>
			<outputDirectory>sugar/mock/configuration</outputDirectory>
		</fileSet>
		<fileSet>
			<directory>${project.basedir}/../backend/webapp-mock/src/main/resources</directory>
			<includes>
				<include>sugar-ws-webapp.properties</include>
				<include>sugar-mock-database-init.xml</include>
			</includes>
			<outputDirectory>sugar/mock/configuration</outputDirectory>
		</fileSet>
		<!-- CLM -->
		<fileSet>
			<directory>${project.basedir}/../backend/clm/target</directory>
			<includes>
				<include>*.zip</include>
			</includes>
			<outputDirectory>sugar/clm</outputDirectory>
		</fileSet>
		<fileSet>
			<directory>${project.basedir}/generated/sugar-standalone-install-config/TC-SUGAR-AppSrv/CLM</directory>
			<excludes>
				<exclude>*.tmp</exclude>
			</excludes>
			<outputDirectory>sugar/clm</outputDirectory>
		</fileSet>


		<!-- run scripts -->
		<fileSet>
			<directory>${project.basedir}/src/main/resources</directory>
			<includes>
				<include>**/*.bat</include>
			</includes>
			<outputDirectory>sugar</outputDirectory>
		</fileSet>
	</fileSets>
	
	<dependencySets>
		<dependencySet>
			<includes>
				<include>arondor-arender-rendition-service*:jar</include>
			</includes>
			<outputDirectory>sugar/arender/binaries</outputDirectory>
		</dependencySet>
	</dependencySets>

</assembly>
