<?xml version="1.0" encoding="UTF-8"?>
<!DOCTYPE beans PUBLIC "-//SPRING//DTD BEAN//EN" " http://www.springframework.org/dtd/spring-beans.dtd">

<beans>

	<bean id="standardUserIdentityMapper"
		class="com.bnppa.sesame.services.standard.mapper.impl.UserIdentityMapperImpl">
	</bean>
		
	<bean id="standardExtendedAttributesMapper"
		class="com.bnppa.sesame.services.standard.mapper.impl.ExtendedAttributesMapperImpl">
	</bean>
	
	<bean id="standardUserExtendedIdentityMapper"
		class="com.bnppa.sesame.services.standard.mapper.impl.UserExtendedIdentityMapperImpl">
		<property name="userIdentityMapper">
			<ref bean="standardUserIdentityMapper" />
		</property>
		<property name="extendedAttributesMapper">
			<ref bean="standardExtendedAttributesMapper" />
		</property>
	</bean>

	<bean id="standardExceptionMapper"
		class="com.bnppa.sesame.services.standard.mapper.impl.StandardExceptionMapperImpl">
		<property name="messageBuilder">
			<ref bean="messageBuilder" />
		</property>
	</bean>
	
	<bean id="standardExceptionMapperv2"
		class="com.bnppa.sesame.services.standard.mapper.v2.impl.StandardExceptionMapperImpl">
		<property name="messageBuilder">
			<ref bean="messageBuilder" />
		</property>
	</bean>
	
	<bean id="generalExceptionMapper"
		class="com.bnppa.sesame.services.standard.mapper.impl.GeneralExceptionMapperImpl">
		<property name="messageBuilder">
			<ref bean="messageBuilder" />
		</property>
	</bean>

</beans>
