<?xml version="1.0" encoding="UTF-8"?>
<!DOCTYPE beans PUBLIC "-//SPRING//DTD BEAN//EN" " http://www.springframework.org/dtd/spring-beans.dtd">

<!-- This file defines Spring beans -->
<beans>

	<bean id="authenticationservices"
		class="com.bnppa.sesame.services.standard.StandardAuthenticationServicesImpl">
		<property name="messageBuilder">
			<ref bean="sessionFacadeMessageBuilder" />
		</property>
		<property name="authAccountSBO">
			<ref bean="authAccountSBO" />
		</property>
		<property name="tokenSBO">
			<ref bean="tokenSBO" />
		</property>
		<property name="exceptionMapper">
			<ref bean="standardExceptionMapper" />
		</property>
		<property name="secretQuestionSBO">
			<ref bean="secretQuestionSBO" />
		</property>
		<property name="applicationSBO">
			<ref bean="applicationSBO" />
		</property>
		<property name="channelMessageFormatSBO">
			<ref bean="channelMessageFormatSBO" />
		</property>
	</bean>
	
	<bean id="authenticationservicesv2"	class="com.bnppa.sesame.services.standard.v2.StandardAuthenticationServicesImpl">
		<property name="messageBuilder">
			<ref bean="sessionFacadeMessageBuilder" />
		</property>
		<property name="appAuthenticationServices">
			<ref bean="appAuthenticationServices" />
		</property>
		<property name="exceptionMapper">
			<ref bean="standardExceptionMapperv2" />
		</property>
		<property name="advancedauthenticationservices">
			<ref bean="advancedauthenticationservices" />
		</property>
		<property name="authAccountSBO">
			<ref bean="authAccountSBO" />
		</property>
		<property name="secretQuestionSBO">
			<ref bean="secretQuestionSBO" />
		</property>
		<property name="tokenSBO">
			<ref bean="tokenSBO" />
		</property>
		<property name="securityQuestionSBO">
			<ref bean="securityQuestionSBO" />
		</property>
		<property name="securityResponseSBO">
			<ref bean="securityResponseSBO" />
		</property>
		<property name="sesameCache">
			<ref bean="sesameCache" />
		</property>
		<property name="authenticationServices">
			<ref bean="authenticationservices" />
		</property>
		<property name="applicationSBO">
			<ref bean="applicationSBO" />
		</property>
	</bean>

	<bean id="authorizationservices"
		class="com.bnppa.sesame.services.standard.StandardAuthorizationServicesImpl">
		<property name="messageBuilder">
			<ref bean="sessionFacadeMessageBuilder" />
		</property>
		<property name="tokenSBO">
			<ref bean="tokenSBO" />
		</property>
		<property name="permissionSBO">
			<ref bean="permissionSBO" />
		</property>
		<property name="applicationDomainSBO">
			<ref bean="applicationDomainSBO" />
		</property>
		<property name="exceptionMapper">
			<ref bean="standardExceptionMapper" />
		</property>
	</bean>

	<bean id="identityservices"
		class="com.bnppa.sesame.services.standard.StandardIdentityServicesImpl">
		<property name="messageBuilder">
			<ref bean="sessionFacadeMessageBuilder" />
		</property>
		<property name="authAccountSBO">
			<ref bean="authAccountSBO" />
		</property>
		<property name="tokenSBO">
			<ref bean="tokenSBO" />
		</property>
		<property name="exceptionMapper">
			<ref bean="standardExceptionMapper" />
		</property>
		<property name="userIdentityMapper">
			<ref bean="standardUserIdentityMapper" />
		</property>
		<property name="extendedAttributesMapper">
			<ref bean="standardExtendedAttributesMapper" />
		</property>
		<property name="userExtendedIdentityMapper">
			<ref bean="standardUserExtendedIdentityMapper" />
		</property>
	</bean>


	<bean id="referentialservices"
		class="com.bnppa.sesame.services.standard.StandardReferentialServicesImpl">
		<property name="secretQuestionSBO">
			<ref bean="secretQuestionSBO" />
		</property>
	</bean>
	
	<bean id="referentialservicesv2"
		class="com.bnppa.sesame.services.standard.v2.StandardReferentialServicesImpl">
			<property name="messageBuilder">
			<ref bean="sessionFacadeMessageBuilder" />
		</property>
		<property name="exceptionMapper">
			<ref bean="standardExceptionMapperv2" />
		</property>
		<property name="tokenSBO">
			<ref bean="tokenSBO" />
		</property>
		<property name="securityQuestionSBO">
			<ref bean="securityQuestionSBO" />
		</property>
		<property name="languageSBO">
			<ref bean="languageSBO" />
		</property>
	</bean>

	<bean id="ssoservices"
		class="com.bnppa.sesame.services.standard.StandardSSOServicesImpl">
		<property name="messageBuilder">
			<ref bean="sessionFacadeMessageBuilder" />
		</property>
		<property name="authAccountSBO">
			<ref bean="authAccountSBO" />
		</property>
		<property name="tokenSBO">
			<ref bean="tokenSBO" />
		</property>
		<property name="applicationSBO">
			<ref bean="applicationSBO" />
		</property>
		<property name="partnerSBO">
			<ref bean="partnerSBO" />
		</property>
		<property name="accountSBO">
			<ref bean="accountSBO" />
		</property>
		<property name="emailAddressSBO">
			<ref bean="emailAddressSBO" />
		</property>
		<property name="personSBO">
			<ref bean="personSBO" />
		</property>
		<property name="challengeCache">
			<ref bean="challengeCache" />
		</property>
		<property name="exceptionMapper">
			<ref bean="standardExceptionMapper" />
		</property>
	</bean>

	<!-- Secured Authentication services (WS security) -->
	<bean id="securedAuthenticationServices"
		class="com.bnppa.sesame.services.standard.StandardSecuredAuthenticationServicesImpl">
		<property name="messageBuilder">
			<ref bean="sessionFacadeMessageBuilder" />
		</property>
		<property name="authAccountSBO">
			<ref bean="authAccountSBO" />
		</property>
		<property name="tokenSBO">
			<ref bean="tokenSBO" />
		</property>
		<property name="exceptionMapper">
			<ref bean="standardExceptionMapper" />
		</property>
	</bean>
	
	<!-- Standard AppAuthentication services -->
	<bean id="appAuthenticationServices"
		class="com.bnppa.sesame.services.standard.StandardAppAuthenticationServicesImpl">
		<property name="authAccountSBO">
			<ref bean="authAccountSBO" />
		</property>
		<property name="tokenSBO">
			<ref bean="tokenSBO" />
		</property>
		<property name="exceptionMapper">
			<ref bean="generalExceptionMapper" />
		</property>
	</bean>

	<!-- TOTP -->
	<bean id="standardTotpServices"
		class="com.bnppa.sesame.services.standard.StandardTOTPServicesImpl">
		<property name="messageBuilder">
			<ref bean="sessionFacadeMessageBuilder" />
		</property>
		<property name="exceptionMapper">
			<ref bean="generalExceptionMapper" />
		</property>
		<property name="tokenSBO">
			<ref bean="tokenSBO" />
		</property>
		<property name="userSecretSBO">
			<ref bean="userSecretSBO" />
		</property>
		<property name="authAccountSBO">
			<ref bean="authAccountSBO" />
		</property>
		<property name="securityResponseSBO">
			<ref bean="securityResponseSBO" />
		</property>
	</bean>

	<!-- AUTHENTICATION LEVEL -->
	<bean id="authenticationLevelServices"
		class="com.bnppa.sesame.services.standard.AuthenticationLevelServicesImpl">
		<property name="messageBuilder">
			<ref bean="sessionFacadeMessageBuilder" />
		</property>
		<property name="exceptionMapper">
			<ref bean="generalExceptionMapper" />
		</property>
		<property name="tokenSBO">
			<ref bean="tokenSBO" />
		</property>
		<property name="authenticationLevelSBO">
			<ref bean="authenticationLevelSBO" />
		</property>
		<property name="applicationDomainSBO">
			<ref bean="applicationDomainSBO" />
		</property>		
		<property name="permissionSBO">
			<ref bean="permissionSBO" />
		</property>		
	</bean>

</beans>