<assembly xmlns="http://maven.apache.org/plugins/maven-assembly-plugin/assembly/1.1.3"
          xmlns:xsi="http://www.w3.org/2001/XMLSchema-instance"
          xsi:schemaLocation="http://maven.apache.org/plugins/maven-assembly-plugin/assembly/1.1.3 http://maven.apache.org/xsd/assembly-1.1.3.xsd">

    <id>assembly</id>

    <formats>
        <format>dir</format>
        <format>zip</format>
    </formats>

    <baseDirectory>/</baseDirectory>

    <dependencySets>
        <dependencySet>
            <outputDirectory>server/bicnet/deployments/bicnet.ear/lib</outputDirectory>
            <outputFileNameMapping>${artifact.artifactId}.jar</outputFileNameMapping>
            <excludes>
                <exclude>
                    com.ossnms.web.provider:provider-assembler
                </exclude>
            </excludes>
        </dependencySet>
    </dependencySets>

</assembly>