<assembly xmlns="http://maven.apache.org/plugins/maven-assembly-plugin/assembly/1.1.0" xmlns:xsi="http://www.w3.org/2001/XMLSchema-instance"
  xsi:schemaLocation="http://maven.apache.org/plugins/maven-assembly-plugin/assembly/1.1.0 http://maven.apache.org/xsd/assembly-1.1.0.xsd">
  <id>make-release-zip</id>
  <baseDirectory>/</baseDirectory>
  <formats>
    <format>zip</format>
  </formats>

  <dependencySets>
    <dependencySet>
	  <useProjectArtifact>false</useProjectArtifact>
	  <outputDirectory>backuprestore</outputDirectory>
	  <outputFileNameMapping>securitymgmt-api.jar</outputFileNameMapping>
	  <includes>
		<include>com.coriant.bicnet.usm:usm-server</include>
	  </includes>
	</dependencySet>
  </dependencySets>
</assembly>
