<?xml version="1.0"?>
<!DOCTYPE hibernate-mapping PUBLIC "-//Hibernate/Hibernate Mapping DTD 3.0//EN"
                                   "http://www.hibernate.org/dtd/hibernate-mapping-3.0.dtd">
<!-- Generated May 18, 2015 9:44:04 AM by Hibernate Tools 3.4.0.CR1 -->
<hibernate-mapping default-access="field" default-lazy="false">
 <class lazy="false"
  name="com.ossnms.bicnet.emne.connector.storage.mediator.entities.MediatorPhysicalDataDb" table="DCN_MEDIATOR_PHYSICAL_DATA">
  <id access="field" name="id" type="java.lang.Integer">
   <column name="PHYSICAL_MEDIATOR_ID" not-null="true" unique="true"/>
   <generator class="sequence">
    <param name="sequence">DCN_SEQ_PHYSICAL_MEDIATOR_ID</param>
   </generator>
  </id>
  <version access="field" column="VERSION_NUMBER" generated="never"
   name="versionNumber" type="java.lang.Integer"/>
  <property access="field" generated="never" lazy="false" name="host"
   not-null="true" type="java.lang.String" unique="true">
   <column name="HOST"/>
  </property>
  <property access="field" name="logicalMediatorId" not-null="true" type="integer">
   <column name="LOGICAL_MEDIATOR_ID" not-null="true"/>
  </property>
  <property access="field" name="priority" not-null="true" type="integer">
   <column name="PRIORITY" not-null="true"/>
  </property>
 </class>
 <query name="MediatorPhysicalDataDb.SELECT_ALL">SELECT m FROM MediatorPhysicalDataDb m</query>
 <query name="MediatorPhysicalDataDb.SELECT_ALL_IDS">SELECT m.id FROM MediatorPhysicalDataDb m</query>
 <query
   name="MediatorPhysicalDataDb.SELECT_BY_HOST">SELECT m FROM MediatorPhysicalDataDb m WHERE m.host = :n<query-param
   name="n" type="string"/>
 </query>
</hibernate-mapping>
