<assembly xmlns="http://maven.apache.org/plugins/maven-assembly-plugin/assembly/1.1.0" xmlns:xsi="http://www.w3.org/2001/XMLSchema-instance"
  xsi:schemaLocation="http://maven.apache.org/plugins/maven-assembly-plugin/assembly/1.1.0 http://maven.apache.org/xsd/assembly-1.1.0.xsd">
  <id>client</id>
  <baseDirectory>/</baseDirectory>
  <formats>
    <format>zip</format>
  </formats>

  <fileSets>
    <fileSet>
        <directory>${project.basedir}/src/main/resources/</directory>
		<outputDirectory>client</outputDirectory>
    </fileSet>
  </fileSets>

  <dependencySets>
    <dependencySet>
	  <useProjectArtifact>false</useProjectArtifact>
	  <outputDirectory>client/plugins</outputDirectory>
	  <outputFileNameMapping>sm-plugin.jar</outputFileNameMapping>
	  <includes>
		<include>com.coriant.bicnet.usm:usm-client</include>
	  </includes>
	</dependencySet>
  </dependencySets>
</assembly>
