<?xml version="1.0" encoding="UTF-8"?>
<ehcache xmlns:xsi="http://www.w3.org/2001/XMLSchema-instance"
	xsi:noNamespaceSchemaLocation="ehcache.xsd" updateCheck="true"
	monitoring="autodetect" dynamicConfig="true">
	
	<!-- Start version for automatic discovery. -->
	<!-- 
	<cacheManagerPeerProviderFactory
		class="net.sf.ehcache.distribution.RMICacheManagerPeerProviderFactory"
		properties="peerDiscovery=automatic, multicastGroupAddress=230.0.0.1,
		multicastGroupPort=4446, timeToLive=32"/>	
	
    <cacheManagerPeerListenerFactory
		class="net.sf.ehcache.distribution.RMICacheManagerPeerListenerFactory"
		properties="socketTimeoutMillis=20000" propertySeparator=","/>
	 -->
	<!-- End version for automatic discovery. -->
	
	<!-- Start version for manual discovery -->
	<!-- 
	<cacheManagerPeerProviderFactory
		class="net.sf.ehcache.distribution.RMICacheManagerPeerProviderFactory"
		properties="peerDiscovery=manual,
		rmiUrls=//server1:40001/AccessControlList|//server1:40001/Basket|//server1:40001/BusinessScope|//server1:40001/DocumentClass|
		//server1:40001/FolderClass|//server1:40001/TagClass|//server1:40001/Drools"/>
	<cacheManagerPeerListenerFactory
		class="net.sf.ehcache.distribution.RMICacheManagerPeerListenerFactory"
		properties="hostName=localhost, port=40001, socketTimeoutMillis=2000" propertySeparator=","/>
	-->
	<!-- End version for manual discovery -->
	 
	<defaultCache maxElementsInMemory="1000"
		eternal="false" timeToIdleSeconds="1800" timeToLiveSeconds="3600"
		overflowToDisk="false" memoryStoreEvictionPolicy="LRU" statistics="false" />

	<!-- Those caches are designed for 5 basic business scopes and may be -->
	<!-- adapted according to business data model -->

	<cache name="AccessControlList" maxElementsInMemory="100000"
		timeToIdleSeconds="1800" timeToLiveSeconds="3600" eternal="false"
		overflowToDisk="false" memoryStoreEvictionPolicy="LRU" statistics="false">
		<!-- 
		<cacheEventListenerFactory
			class="net.sf.ehcache.distribution.RMICacheReplicatorFactory"
			properties="replicateAsynchronously=true, replicatePuts=true, replicateUpdates=true,
			replicateUpdatesViaCopy=false, replicateRemovals=true "/>
		 -->
	</cache>

	<cache name="Basket" maxElementsInMemory="100"
		timeToIdleSeconds="1800" timeToLiveSeconds="3600" eternal="false"
		overflowToDisk="false" memoryStoreEvictionPolicy="LRU" statistics="false">
		<!-- 
		<cacheEventListenerFactory
			class="net.sf.ehcache.distribution.RMICacheReplicatorFactory"
			properties="replicateAsynchronously=true, replicatePuts=true, replicateUpdates=true,
			replicateUpdatesViaCopy=false, replicateRemovals=true "/>
		-->
	</cache>
		
			
	<cache name="BusinessScope" maxElementsInMemory="100"
			timeToIdleSeconds="1800" timeToLiveSeconds="3600" eternal="false"
			overflowToDisk="false" memoryStoreEvictionPolicy="LRU" statistics="false">
		<!-- 
		<cacheEventListenerFactory
			class="net.sf.ehcache.distribution.RMICacheReplicatorFactory"
			properties="replicateAsynchronously=true, replicatePuts=true, replicateUpdates=true,
			replicateUpdatesViaCopy=false, replicateRemovals=true "/>
		-->
	</cache>
			
	<cache name="DocumentClass" maxElementsInMemory="1000"
			timeToIdleSeconds="1800" timeToLiveSeconds="3600" eternal="false"
			overflowToDisk="false" memoryStoreEvictionPolicy="LRU" statistics="false">
		<!-- 
		<cacheEventListenerFactory
			class="net.sf.ehcache.distribution.RMICacheReplicatorFactory"
			properties="replicateAsynchronously=true, replicatePuts=true, replicateUpdates=true,
			replicateUpdatesViaCopy=false, replicateRemovals=true "/>
		-->
	</cache>
	
	<cache name="FolderClass" maxElementsInMemory="1000"
			timeToIdleSeconds="1800" timeToLiveSeconds="3600" eternal="false"
			overflowToDisk="false" memoryStoreEvictionPolicy="LRU" statistics="false" >
		<!-- 
		<cacheEventListenerFactory
			class="net.sf.ehcache.distribution.RMICacheReplicatorFactory"
			properties="replicateAsynchronously=true, replicatePuts=true, replicateUpdates=true,
			replicateUpdatesViaCopy=false, replicateRemovals=true "/>
		-->
	</cache>
			
	<cache name="TagClass" maxElementsInMemory="1000"
			timeToIdleSeconds="1800" timeToLiveSeconds="3600" eternal="false"
			overflowToDisk="false" memoryStoreEvictionPolicy="LRU" statistics="false" >
		<!-- 
		<cacheEventListenerFactory
			class="net.sf.ehcache.distribution.RMICacheReplicatorFactory"
			properties="replicateAsynchronously=true, replicatePuts=true, replicateUpdates=true,
			replicateUpdatesViaCopy=false, replicateRemovals=true "/>
		-->
	</cache>
			
	<cache name="Drools" maxElementsInMemory="100"
			timeToIdleSeconds="1800" timeToLiveSeconds="3600" eternal="false"
			overflowToDisk="false" memoryStoreEvictionPolicy="LRU" statistics="false" >
		<!-- 
		<cacheEventListenerFactory
			class="net.sf.ehcache.distribution.RMICacheReplicatorFactory"
			properties="replicateAsynchronously=true, replicatePuts=true, replicateUpdates=true,
			replicateUpdatesViaCopy=false, replicateRemovals=true "/>
		-->
	</cache>

</ehcache>
