<?xml version="1.0" encoding="UTF-8"?>
<configuration scan="true" debug="true">
	<include resource="org/springframework/boot/logging/logback/default.xml" />
	<springProfile name="!dev">
		<appender name="FILE" class="ch.qos.logback.core.FileAppender">
			<file>${TSP_LOG_DIR}/${TSP_MODULE}/sugar-backend.log</file>
			<!-- encoders are assigned the type ch.qos.logback.classic.encoder.PatternLayoutEncoder 
				by default -->
			<encoder>
				<pattern>%d{HH:mm:ss.SSS} [%thread] %-5level %logger{36} - %msg%n
				</pattern>
			</encoder>
		</appender>

		<appender name="FILEFULL" class="ch.qos.logback.core.FileAppender">
			<file>${TSP_LOG_DIR}/${TSP_MODULE}/sugar-backend-full.log</file>
			<!-- encoders are assigned the type ch.qos.logback.classic.encoder.PatternLayoutEncoder 
				by default -->
			<encoder>
				<pattern>%d{HH:mm:ss.SSS} [%thread] %-5level %logger{36} - %msg%n
				</pattern>
			</encoder>
		</appender>

		<appender name="STDOUT" class="ch.qos.logback.core.ConsoleAppender">
			<!-- encoders are assigned the type ch.qos.logback.classic.encoder.PatternLayoutEncoder 
				by default -->
			<encoder>
				<pattern>%d{HH:mm:ss.SSS} [%thread] %-5level %logger{36} - %msg%n
				</pattern>
			</encoder>
		</appender>

		<appender name="TrackerAppender"
			class="ch.qos.logback.core.rolling.RollingFileAppender">
			<file>${TSP_LOG_DIR}/${TSP_MODULE}/sugar-tracker.log</file>
			<encoder>
				<pattern>%d{HH:mm:ss.SSS} [%thread] - %msg%n
				</pattern>
			</encoder>
			<rollingPolicy class="ch.qos.logback.core.rolling.TimeBasedRollingPolicy">
				<!-- daily rollover -->
				<fileNamePattern>/sugar-tracker.%d{yyyy-MM-dd}.log</fileNamePattern>
				<!-- keep 30 days' worth of history capped at 3GB total size -->
				<maxHistory>30</maxHistory>
				<totalSizeCap>3GB</totalSizeCap>
			</rollingPolicy>
		</appender>

		<appender name="TrackerAppenderZipper"
			class="ch.qos.logback.core.rolling.RollingFileAppender">
			<file>${TSP_LOG_DIR}/${TSP_MODULE}/sugar-trackerZ.log</file>
			<encoder>
				<pattern>%d{HH:mm:ss.SSS} [%thread] - %msg%n
				</pattern>
			</encoder>
			<rollingPolicy class="ch.qos.logback.core.rolling.TimeBasedRollingPolicy">
				<!-- daily rollover -->
				<fileNamePattern>/sugar-tracker.%d{yyyy-MM-dd}.gz</fileNamePattern>
				<!-- keep 30 days' worth of history capped at 3GB total size -->
				<maxHistory>30</maxHistory>
				<totalSizeCap>3GB</totalSizeCap>
			</rollingPolicy>
		</appender>

		<!-- insert loggers here -->
		<logger name="com.bnpp.cardif.sugar.domain.tracker.LoggerInterceptor"
			additivity="false">
			<level value="DEBUG" />
			<!-- Use TrackerAppender on Windows (Windows does not support zipping) -->
			<!-- <appender-ref ref="TrackerAppender" /> -->
			<appender-ref ref="TrackerAppenderZipper" />
		</logger>

		<logger name="com.bnpp.cardif" level="INFO">
			<appender-ref ref="FILE" />
		</logger>

		<root level="INFO">
			<appender-ref ref="FILEFULL" />
		</root>
	</springProfile>

	<springProfile name="dev">
		<appender name="FILE" class="ch.qos.logback.core.FileAppender">
			<file>sugar-backend.log</file>
			<!-- encoders are assigned the type ch.qos.logback.classic.encoder.PatternLayoutEncoder 
				by default -->
			<encoder>
				<pattern>%d{HH:mm:ss.SSS} [%thread] %-5level %logger{36} - %msg%n
				</pattern>
			</encoder>
		</appender>

		<appender name="FILEFULL" class="ch.qos.logback.core.FileAppender">
			<file>sugar-backend-full.log</file>
			<!-- encoders are assigned the type ch.qos.logback.classic.encoder.PatternLayoutEncoder 
				by default -->
			<encoder>
				<pattern>%d{HH:mm:ss.SSS} [%thread] %-5level %logger{36} - %msg%n
				</pattern>
			</encoder>
		</appender>

		<appender name="STDOUT" class="ch.qos.logback.core.ConsoleAppender">
			<!-- encoders are assigned the type ch.qos.logback.classic.encoder.PatternLayoutEncoder 
				by default -->
			<encoder>
				<pattern>%d{HH:mm:ss.SSS} [%thread] %-5level %logger{36} - %msg%n
				</pattern>
			</encoder>
		</appender>

		<appender name="TrackerAppender"
			class="ch.qos.logback.core.rolling.RollingFileAppender">
			<file>sugar-tracker.log</file>
			<encoder>
				<pattern>%d{HH:mm:ss.SSS} [%thread] - %msg%n
				</pattern>
			</encoder>
			<rollingPolicy class="ch.qos.logback.core.rolling.TimeBasedRollingPolicy">
				<!-- daily rollover -->
				<fileNamePattern>/sugar-tracker.%d{yyyy-MM-dd}.log</fileNamePattern>
				<!-- keep 30 days' worth of history capped at 3GB total size -->
				<maxHistory>30</maxHistory>
				<totalSizeCap>3GB</totalSizeCap>
			</rollingPolicy>
		</appender>

		<appender name="TrackerAppenderZipper"
			class="ch.qos.logback.core.rolling.RollingFileAppender">
			<file>sugar-trackerZ.log</file>
			<encoder>
				<pattern>%d{HH:mm:ss.SSS} [%thread] - %msg%n
				</pattern>
			</encoder>
			<rollingPolicy class="ch.qos.logback.core.rolling.TimeBasedRollingPolicy">
				<!-- daily rollover -->
				<fileNamePattern>/sugar-tracker.%d{yyyy-MM-dd}.gz</fileNamePattern>
				<!-- keep 30 days' worth of history capped at 3GB total size -->
				<maxHistory>30</maxHistory>
				<totalSizeCap>3GB</totalSizeCap>
			</rollingPolicy>
		</appender>

		<!-- insert loggers here -->
		<logger name="com.bnpp.cardif.sugar.domain.tracker.LoggerInterceptor"
			additivity="false">
			<level value="DEBUG" />
			<!-- Use TrackerAppender on Windows (Windows does not support zipping) -->
			<!-- <appender-ref ref="TrackerAppender" /> -->
			<appender-ref ref="TrackerAppenderZipper" />
		</logger>

		<logger name="com.bnpp.cardif" level="DEBUG">
			<appender-ref ref="FILE" />
		</logger>

		<root level="DEBUG">
			<appender-ref ref="FILEFULL" />
		</root>
	</springProfile>

</configuration>

