<assembly
	xmlns="http://maven.apache.org/plugins/maven-assembly-plugin/assembly/1.1.2"
	xmlns:xsi="http://www.w3.org/2001/XMLSchema-instance"
	xsi:schemaLocation="http://maven.apache.org/plugins/maven-assembly-plugin/assembly/1.1.2 http://maven.apache.org/xsd/assembly-1.1.2.xsd">
	<id></id>
	<formats>
		<format>zip</format>
	</formats>
	<includeBaseDirectory>false</includeBaseDirectory>

	<fileSets>
		<!-- standalone Backend Binaries -->
		<fileSet>
			<directory>${project.basedir}/../webapp/target</directory>
			<includes>
				<include>*.war</include>
			</includes>
			<outputDirectory>sugar-frontend/binaries</outputDirectory>
		</fileSet>
		<!-- standalone Backend Configuration -->
		<fileSet>
			<directory>${project.basedir}/../webapp/src/main/resources</directory>
			<includes>
				<include>saml/**</include>
				<include>logback-spring.xml</include>
			</includes>
			<outputDirectory>sugar-frontend/configuration</outputDirectory>
		</fileSet>
		<fileSet>
			<directory>${project.basedir}/../webapp/src/main/resources</directory>
			<includes>
				<include>application-dev.properties</include>
				<include>application.properties</include>
			</includes>
			<outputDirectory>sugar-frontend/configuration</outputDirectory>
			<filtered>true</filtered>
		</fileSet>
	</fileSets>
</assembly>
