<?xml version="1.0" encoding="UTF-8"?>
<configuration scan="true" debug="true">
	<include resource="org/springframework/boot/logging/logback/default.xml" />
	<springProfile name="!dev">
		<appender name="FILE" class="ch.qos.logback.core.FileAppender">
			<file>${TSP_LOG_DIR}/${TSP_MODULE}/sugar-frontend.log</file>
			<!-- encoders are assigned the type ch.qos.logback.classic.encoder.PatternLayoutEncoder by default -->
			<encoder>
				<pattern>%d{yyyy-MM-dd HH:mm:ss.SSS} [%thread] %-5level %logger{36} - %msg%n
				</pattern>
			</encoder>
		</appender>

		<appender name="FILEFULL" class="ch.qos.logback.core.FileAppender">
			<file>${TSP_LOG_DIR}/${TSP_MODULE}/sugar-frontend-full.log</file>
			<!-- encoders are assigned the type ch.qos.logback.classic.encoder.PatternLayoutEncoder by default -->
			<encoder>
				<pattern>%d{yyyy-MM-dd HH:mm:ss.SSS} [%thread] %-5level %logger{36} - %msg%n
				</pattern>
			</encoder>
		</appender>

		<appender name="STDOUT" class="ch.qos.logback.core.ConsoleAppender">
			<!-- encoders are assigned the type ch.qos.logback.classic.encoder.PatternLayoutEncoder by default -->
			<encoder>
				<pattern>%d{yyyy-MM-dd HH:mm:ss.SSS} [%thread] %-5level %logger{36} - %msg%n
				</pattern>
			</encoder>
		</appender>

		<!-- insert loggers here -->
		<logger name="com.bnpp.cardif" level="${LOG_LEVEL}">
			<appender-ref ref="FILE" />
		</logger>

		<root level="${LOG_LEVEL}">
			<appender-ref ref="FILEFULL" />
		</root>
	</springProfile>

	<springProfile name="dev">
		<appender name="FILE" class="ch.qos.logback.core.FileAppender">
			<file>sugar-frontend.log</file>
			<!-- encoders are assigned the type ch.qos.logback.classic.encoder.PatternLayoutEncoder by default -->
			<encoder>
				<pattern>%d{yyyy-MM-dd HH:mm:ss.SSS} [%thread] %-5level %logger{36} - %msg%n
				</pattern>
			</encoder>
		</appender>

		<appender name="FILEFULL" class="ch.qos.logback.core.FileAppender">
			<file>sugar-frontend-full.log</file>
			<!-- encoders are assigned the type ch.qos.logback.classic.encoder.PatternLayoutEncoder by default -->
			<encoder>
				<pattern>%d{yyyy-MM-dd HH:mm:ss.SSS} [%thread] %-5level %logger{36} - %msg%n
				</pattern>
			</encoder>
		</appender>

		<appender name="STDOUT" class="ch.qos.logback.core.ConsoleAppender">
			<!-- encoders are assigned the type ch.qos.logback.classic.encoder.PatternLayoutEncoder by default -->
			<encoder>
				<pattern>%d{yyyy-MM-dd HH:mm:ss.SSS} [%thread] %-5level %logger{36} - %msg%n
				</pattern>
			</encoder>
		</appender>

		<!-- insert loggers here -->
		<logger name="com.bnpp.cardif" level="DEBUG">
			<appender-ref ref="FILE" />
		</logger>

		<root level="DEBUG">
			<appender-ref ref="FILEFULL" />
		</root>
	</springProfile>

</configuration>
