
<configuration scan="true" debug="true">

	<appender name="FILE" class="ch.qos.logback.core.FileAppender">
		<file>yourapplication-frontend.log</file>
		<!-- encoders are assigned the type ch.qos.logback.classic.encoder.PatternLayoutEncoder by default -->
		<encoder>
			<pattern>%d{HH:mm:ss.SSS} [%thread] %-5level %logger{36} - %msg%n
			</pattern>
		</encoder>
	</appender>

	<appender name="FILEFULL" class="ch.qos.logback.core.FileAppender">
		<file>yourapplication-frontend-full.log</file>
		<!-- encoders are assigned the type ch.qos.logback.classic.encoder.PatternLayoutEncoder by default -->
		<encoder>
			<pattern>%d{HH:mm:ss.SSS} [%thread] %-5level %logger{36} - %msg%n
			</pattern>
		</encoder>
	</appender>

	<appender name="STDOUT" class="ch.qos.logback.core.ConsoleAppender">
		<!-- encoders are assigned the type ch.qos.logback.classic.encoder.PatternLayoutEncoder by default -->
		<encoder>
			<pattern>%d{HH:mm:ss.SSS} [%thread] %-5level %logger{36} - %msg%n
			</pattern>
		</encoder>
	</appender>

	<!-- insert loggers here -->
	<logger name="com.bnpp.cardif" level="DEBUG">
		<appender-ref ref="FILE" />
	</logger>

	<root level="DEBUG">
		<appender-ref ref="FILEFULL" />
	</root>

</configuration>
