<?xml version="1.0" encoding="UTF-8"?>
<beans xmlns="http://www.springframework.org/schema/beans"
	xmlns:xsi="http://www.w3.org/2001/XMLSchema-instance" xmlns:context="http://www.springframework.org/schema/context"
	xmlns:sws="http://www.springframework.org/schema/web-services"
	xmlns:aop="http://www.springframework.org/schema/aop" xmlns:tx="http://www.springframework.org/schema/tx"
	xmlns:cache="http://www.springframework.org/schema/cache" xmlns:p="http://www.springframework.org/schema/p"
	xsi:schemaLocation="http://www.springframework.org/schema/beans http://www.springframework.org/schema/beans/spring-beans-3.0.xsd  
		http://www.springframework.org/schema/web-services http://www.springframework.org/schema/web-services/web-services-2.0.xsd  
		http://www.springframework.org/schema/context http://www.springframework.org/schema/context/spring-context-3.0.xsd
		http://www.springframework.org/schema/tx http://www.springframework.org/schema/tx/spring-tx-3.0.xsd          
		http://www.springframework.org/schema/aop http://www.springframework.org/schema/aop/spring-aop-3.0.xsd
		http://www.springframework.org/schema/cache http://www.springframework.org/schema/cache/spring-cache-3.2.xsd">

	<bean id="jaxbMarshaller" class="org.springframework.oxm.jaxb.Jaxb2Marshaller"
		p:packagesToScan="com.bnpp.cardif.yourapplication.frontend.beans" />

	<bean id="objectMapper"
		class="org.springframework.http.converter.json.Jackson2ObjectMapperFactoryBean"
		p:failOnEmptyBeans="false" p:indentOutput="true" />

	<bean id="jsonConverter"
		class="org.springframework.http.converter.json.MappingJackson2HttpMessageConverter"
		p:objectMapper-ref="objectMapper" /><!--p:supportedMediaTypes="application/json" -->

	<bean id="xmlConverter"
		class="org.springframework.http.converter.xml.MarshallingHttpMessageConverter"
		p:marshaller-ref="jaxbMarshaller" p:unmarshaller-ref="jaxbMarshaller" /><!--p:supportedMediaTypes="application/xml" -->

	<bean id="restTemplate" class="org.springframework.web.client.RestTemplate">
		<property name="messageConverters">
			<list>
				<ref bean="jsonConverter" />
				<ref bean="xmlConverter" />
			</list>
		</property>
	</bean>

</beans>