<assembly
	xmlns="http://maven.apache.org/plugins/maven-assembly-plugin/assembly/1.1.0"
	xmlns:xsi="http://www.w3.org/2001/XMLSchema-instance"
	xsi:schemaLocation="http://maven.apache.org/plugins/maven-assembly-plugin/assembly/1.1.0 http://maven.apache.org/xsd/assembly-1.1.0.xsd">

	<id>sql</id>

	<baseDirectory>/</baseDirectory>

	<formats>
		<format>zip</format>
	</formats>

	<includeBaseDirectory>false</includeBaseDirectory>

	<fileSets>
		<fileSet>
			<directory>src/main/sql</directory>
			<outputDirectory>/</outputDirectory>
		</fileSet>
	</fileSets>
	
</assembly>
