<?xml version="1.0" encoding="UTF-8"?>
<beans xmlns="http://www.springframework.org/schema/beans"
	xmlns:xsi="http://www.w3.org/2001/XMLSchema-instance" xmlns:context="http://www.springframework.org/schema/context"
	xmlns:sws="http://www.springframework.org/schema/web-services"
	xmlns:aop="http://www.springframework.org/schema/aop" xmlns:tx="http://www.springframework.org/schema/tx"
	xmlns:cache="http://www.springframework.org/schema/cache" xmlns:p="http://www.springframework.org/schema/p"
	xsi:schemaLocation="http://www.springframework.org/schema/beans http://www.springframework.org/schema/beans/spring-beans-3.0.xsd  
		http://www.springframework.org/schema/web-services http://www.springframework.org/schema/web-services/web-services-2.0.xsd  
		http://www.springframework.org/schema/context http://www.springframework.org/schema/context/spring-context-3.0.xsd
		http://www.springframework.org/schema/tx http://www.springframework.org/schema/tx/spring-tx-3.0.xsd          
		http://www.springframework.org/schema/aop http://www.springframework.org/schema/aop/spring-aop-3.0.xsd
		http://www.springframework.org/schema/cache http://www.springframework.org/schema/cache/spring-cache-3.2.xsd">


	<!-- ################# Core layer ################# -->

	<!-- Component services -->

	<bean id="documentService"
		class="com.bnpp.cardif.sugar.core.tsp.document.DocumentServiceTSP"
		init-method="init">
		<property name="registeredEvents">
			<map key-type="com.bnpp.cardif.sugar.domain.fact.ObjectType">
				<entry>
					<key>
						<value>DOCUMENT</value>
					</key>
					<list value-type="com.bnpp.cardif.sugar.domain.fact.Action">
						<value>UPDATE_RETENTION_DATE</value>
					</list>
				</entry>
			</map>
		</property>
	</bean>

	<!-- Reporting -->
	<bean class="com.bnpp.cardif.sugar.core.tsp.fact.ReportingServiceTSP"
		init-method="init" scope="singleton" lazy-init="false">
		<property name="registeredEvents">
			<map key-type="com.bnpp.cardif.sugar.domain.fact.ObjectType">
				<entry>
					<key>
						<value>ENVELOPE</value>
					</key>
					<list value-type="com.bnpp.cardif.sugar.domain.fact.Action">
						<value>CREATE</value>
						<value>UPDATE</value>
					</list>
				</entry>
				<entry>
					<key>
						<value>DOCUMENT</value>
					</key>
					<list value-type="com.bnpp.cardif.sugar.domain.fact.Action">
						<value>CREATE</value>
						<value>UPDATE</value>
					</list>
				</entry>
				<entry>
					<key>
						<value>FILE</value>
					</key>
					<list value-type="com.bnpp.cardif.sugar.domain.fact.Action">
						<value>CREATE</value>
					</list>
				</entry>
				<entry>
					<key>
						<value>FOLDER</value>
					</key>
					<list value-type="com.bnpp.cardif.sugar.domain.fact.Action">
						<value>CREATE</value>
						<value>UPDATE</value>
					</list>
				</entry>
				<entry>
					<key>
						<value>DOCUMENT_CLASS</value>
					</key>
					<list value-type="com.bnpp.cardif.sugar.domain.fact.Action">
						<value>CREATE</value>
						<value>UPDATE</value>
					</list>
				</entry>
				<entry>
					<key>
						<value>ENVELOPE_CLASS</value>
					</key>
					<list value-type="com.bnpp.cardif.sugar.domain.fact.Action">
						<value>CREATE</value>
						<value>UPDATE</value>
					</list>
				</entry>
				<entry>
					<key>
						<value>FOLDER_CLASS</value>
					</key>
					<list value-type="com.bnpp.cardif.sugar.domain.fact.Action">
						<value>CREATE</value>
						<value>UPDATE</value>
					</list>
				</entry>
				<entry>
					<key>
						<value>TAG_CLASS</value>
					</key>
					<list value-type="com.bnpp.cardif.sugar.domain.fact.Action">
						<value>CREATE</value>
						<value>UPDATE</value>
					</list>
				</entry>
				<entry>
					<key>
						<value>BASKET</value>
					</key>
					<list value-type="com.bnpp.cardif.sugar.domain.fact.Action">
						<value>CREATE</value>
						<value>DELETE</value>
					</list>
				</entry>
				<entry>
					<key>
						<value>TASK</value>
					</key>
					<list value-type="com.bnpp.cardif.sugar.domain.fact.Action">
						<value>CREATE</value>
						<value>CLOSE</value>
						<value>UPDATE</value>
						<value>LOCK</value>
						<value>UNLOCK</value>
						<value>TRANSFER</value>
					</list>
				</entry>
				<entry>
					<key>
						<value>BUSINESS_SCOPE</value>
					</key>
					<list value-type="com.bnpp.cardif.sugar.domain.fact.Action">
						<value>CREATE</value>
						<value>UPDATE</value>
					</list>
				</entry>
			</map>
		</property>
	</bean>

	<!-- Task distribution system -->

	<bean
		class="com.bnpp.cardif.sugar.core.tsp.task.EventTaskDistributionSystemService"
		init-method="bind" scope="singleton" lazy-init="false">
		<property name="registeredEvents">
			<map key-type="com.bnpp.cardif.sugar.domain.fact.ObjectType">
				<entry>
					<key>
						<value>ENVELOPE</value>
					</key>
					<list value-type="com.bnpp.cardif.sugar.domain.fact.Action">
						<value>CREATE</value>
					</list>
				</entry>
			</map>
		</property>
	</bean>

	<bean id="taskGeneratorService"
		class="com.bnpp.cardif.sugar.core.tsp.task.TaskGeneratorServiceDrools">
		<property name="xlsPath"
			value="task-routing/drools-task-routing-syldavia.xls" />
		<property name="worksheet" value="Routing" />
	</bean>


	<!--################# Search query helper definitions #################### -->

	<bean name="documentSearchQueryhelper"
		class="com.bnpp.cardif.sugar.dao.oracle.xpath.SearchQueryHelper"
		init-method="init">
		<property name="xpathHelper" ref="xPathDocumentHelper" />
		<property name="maxSearch" value="${search.max}" />
		<property name="language" value="${search.lang}" />
	</bean>

	<bean name="folderSearchQueryhelper"
		class="com.bnpp.cardif.sugar.dao.oracle.xpath.SearchQueryHelper"
		init-method="init">
		<property name="xpathHelper" ref="xPathFolderHelper" />
		<property name="maxSearch" value="${search.max}" />
		<property name="language" value="${search.lang}" />
	</bean>

	<!-- Tracker -->
	<aop:config proxy-target-class="true">
		<aop:pointcut id="dataAccessAndService"
			expression="execution(* com.bnpparibas.assurance.sugar.internal.service.app..*.*(..))
			or execution(* com.bnpp.cardif.sugar.dao.api..*.*(..)))" />

		<aop:aspect id="loggingAspect" ref="loggerInterceptor">
			<aop:around method="doBasicLogging" pointcut-ref="dataAccessAndService" />
		</aop:aspect>
	</aop:config>


	<bean id="loggerInterceptor" class="com.bnpp.cardif.sugar.ws.server.ServerLoggerInterceptor">
		<property name="isPerfLoggingEnabled" value="true" />
	</bean>
	<!-- End tracker -->

</beans>