<beans xmlns="http://www.springframework.org/schema/beans"
	xmlns:context="http://www.springframework.org/schema/context"
	xmlns:mvc="http://www.springframework.org/schema/mvc" xmlns:xsi="http://www.w3.org/2001/XMLSchema-instance"
	xsi:schemaLocation="
        http://www.springframework.org/schema/beans     
        http://www.springframework.org/schema/beans/spring-beans-3.0.xsd
        http://www.springframework.org/schema/context 
        http://www.springframework.org/schema/context/spring-context-3.0.xsd
        http://www.springframework.org/schema/mvc
        http://www.springframework.org/schema/mvc/spring-mvc-3.0.xsd">

	<bean id="multipartResolver" class="org.springframework.web.multipart.commons.CommonsMultipartResolver">
		<property name="maxUploadSize" value="268435456"/>
	</bean>

	<bean id="envelopeTypesHelper"
		  class="com.bnpp.cardif.sugar.rest.connector.facade.delegate.EnvelopeTypesHelper"
		  scope="singleton"/>

	<bean id="documentHelper"
		  class="com.bnpp.cardif.sugar.rest.connector.facade.delegate.DocumentHelper"
		  scope="singleton"/>

	<bean id="envelopeHelper"
		  class="com.bnpp.cardif.sugar.rest.connector.facade.delegate.EnvelopeHelper"
		  scope="singleton"/>

	<bean id="documentFileHelper"
		  class="com.bnpp.cardif.sugar.rest.connector.facade.delegate.DocumentFileHelper"
		  scope="singleton"/>

	<bean id="documentTypesHelper"
		  class="com.bnpp.cardif.sugar.rest.connector.facade.delegate.DocumentTypesHelper"
		  scope="singleton"/>

	<bean id="tagHelper"
		  class="com.bnpp.cardif.sugar.rest.connector.facade.delegate.TagHelper"
		  scope="singleton"/>

	<bean id="folderHelper"
		  class="com.bnpp.cardif.sugar.rest.connector.facade.delegate.FolderHelper"
		  scope="singleton"/>

	<bean id="folderTypesHelper"
		  class="com.bnpp.cardif.sugar.rest.connector.facade.delegate.FolderTypesHelper"
		  scope="singleton"/>

</beans>