<?xml version="1.0" encoding="UTF-8"?>

<!DOCTYPE usm-policy-migration [

<!ELEMENT usm-policy-migration (policies, menu-option-updates)>
<!ELEMENT policies (policy*)>
<!ELEMENT policy (add?, remove?)>
<!ATTLIST policy name ID #REQUIRED>
<!ELEMENT add (name*)>
<!ELEMENT name (#PCDATA)>
<!ELEMENT menu-option-updates (replace, remove)>
<!ELEMENT replace (menu-option*)>
<!ELEMENT remove (name*)>
<!ELEMENT menu-option (old-name, new-name)>
<!ELEMENT old-name (#PCDATA)>
<!ELEMENT new-name (#PCDATA)>

]>
<usm-policy-migration>
  <policies>
    <policy name="TNMSAdministration">
      <add>
        <name>Network-&gt;Inventory</name>
        <name>ASON-&gt;System Preferences</name>
        <name>ASON-&gt;User Preferences</name>
        <name>Administration-&gt;Domain Management-&gt;New</name>
        <name>Administration-&gt;Domain Management-&gt;Modify</name>
        <name>Administration-&gt;Domain Management-&gt;Delete</name>
        <name>Administration-&gt;System-&gt;Standby Server</name>
        <name>Administration-&gt;System-&gt;Debug Settings</name>
        <name>Administration-&gt;System-&gt;Operational State</name>
        <name>Administration-&gt;System-&gt;Log Retrieval</name>
        <name>Administration-&gt;System-&gt;Notifications</name>
        <name>Administration-&gt;System Preferences-&gt;Scaled Syncronization</name>
		<name>Administration-&gt;System Preferences-&gt;Set SFTP Configuration Details</name>
		<name>Administration-&gt;System Preferences-&gt;NE Inventory Upload</name>
		<name>Administration-&gt;System Preferences-&gt;NE Configuration Backup</name>
		<name>Administration-&gt;System Preferences-&gt;Map Automatic Position</name>
		<name>Administration-&gt;System Preferences-&gt;NE DCN Status Upload</name>
        <name>Administration-&gt;Log List-&gt;15-minute Performance Log Export</name>
        <name>Administration-&gt;Log List-&gt;24-hour Performance Log Export</name>
        <name>Administration-&gt;Import From Core-&gt;Topology-&gt;Port Connections Only</name>
        <name>Administration-&gt;Import From Core-&gt;Topology-&gt;NE Icons, Containers and Port Connections</name>
		<name>Administration-&gt;Import From Core-&gt;Scheduled DCN</name>
		<name>Administration-&gt;Import From Core-&gt;History</name>
		<name>Administration-&gt;System-&gt;Backup&amp;Restore-&gt;Backup</name>
		<name>Administration-&gt;System-&gt;Backup&amp;Restore-&gt;Schedule Backup</name>
		<name>Administration-&gt;System-&gt;Backup&amp;Restore-&gt;Restore</name>
		<name>Administration-&gt;System-&gt;Backup&amp;Restore-&gt;Full Backup Schedule</name>
		<name>Administration-&gt;Import From Core-&gt;Subscribers and Services...</name>
		<name>Administration-&gt;Import From Core-&gt;Paths...</name>
		<name>Administration-&gt;SNMP NBI User Management...</name>
		<name>Administration-&gt;System Preferences-&gt;System</name>
		<name>Administration-&gt;System Preferences-&gt;MIB-II</name>
		<name>Administration-&gt;System Preferences-&gt;Notifications</name>
		<name>File-&gt;Import Configuration-&gt;Schedule configuration backup</name>
		<name>File-&gt;Export Configuration-&gt;Schedule configuration backup</name>
		<name>File-&gt;Import Configuration-&gt;Alarm Severity Assignment Profiles</name>
		<name>File-&gt;Import Configuration-&gt;Alarm Severity Assignment Profile Mappings</name>
		<name>File-&gt;Export Configuration-&gt;Alarm Severity Assignment Profiles</name>
		<name>File-&gt;Export Configuration-&gt;Alarm Severity Assignment Profile Mappings</name>
        <name>Supervision-&gt;Performance-&gt;Modify 15-minute Log...</name>
        <name>Supervision-&gt;Performance-&gt;Modify 15-minute Log-&gt;OK</name>
        <name>Supervision-&gt;Performance-&gt;15-minute Log...</name>
        <name>Supervision-&gt;Performance-&gt;Modify 24-hour Log...</name>
        <name>Supervision-&gt;Performance-&gt;Modify 24-hour Log-&gt;OK</name>
        <name>Supervision-&gt;Performance-&gt;24-hour Log...</name>
        <name>Supervision-&gt;Performance-&gt;15-minute Manual upload</name>
        <name>Supervision-&gt;Performance-&gt;24-hour Manual upload</name>
		<name>Supervision-&gt;Performance-&gt;PMP activation</name>
        <name>Supervision-&gt;Performance-&gt;PMP modify...</name>
        <name>Supervision-&gt;Performance-&gt;PMP modify-&gt;Filter and Sort</name>
        <name>Supervision-&gt;Performance-&gt;PMP modify-&gt;Remove All Filters</name>
		<name>Ethernet-&gt;MPLS-TP-&gt;TE-Link-&gt;Management</name>
		<name>Ethernet-&gt;MPLS-TP-&gt;TE-Link-&gt;Details</name>
		<name>Ethernet-&gt;MPLS-TP-&gt;Tunnel-&gt;New</name>
		<name>Ethernet-&gt;MPLS-TP-&gt;Tunnel-&gt;Management</name>
		<name>Ethernet-&gt;MPLS-TP-&gt;Tunnel-&gt;Details</name>
		<name>Ethernet-&gt;MPLS-TP-&gt;Tunnel-&gt;Activate</name>
		<name>Ethernet-&gt;MPLS-TP-&gt;Tunnel-&gt;Administrative State-&gt;Disable</name>
		<name>Ethernet-&gt;MPLS-TP-&gt;Tunnel-&gt;Administrative State-&gt;Enable</name>
		<name>Ethernet-&gt;MPLS-TP-&gt;Tunnel-&gt;Alarm List</name>
		<name>Ethernet-&gt;MPLS-TP-&gt;Tunnel-&gt;Alarm Log</name>
		<name>Ethernet-&gt;MPLS-TP-&gt;Tunnel-&gt;Deactivate</name>
		<name>Ethernet-&gt;MPLS-TP-&gt;Tunnel-&gt;Delete</name>
		<name>Ethernet-&gt;MPLS-TP-&gt;Tunnel-&gt;Discovery</name>
		<name>Ethernet-&gt;MPLS-TP-&gt;Tunnel-&gt;Modify</name>
		<name>Ethernet-&gt;MPLS-TP-&gt;Tunnel-&gt;External Switch</name>
		<name>Ethernet-&gt;System Preferences</name>	
		<name>Ethernet-&gt;Service-&gt;Configure Alarm Correlation</name>	
        <name>Object Context Menu-&gt;Discovery Permitted</name>
        <name>Object Context Menu-&gt;Set to Active Mode</name>
        <name>Optical Management-&gt;OM Settings-&gt;Auto Retry</name>
        <name>Optical Management-&gt;OM Settings-&gt;Change Log Retention Period</name>
        <name>Optical Management-&gt;OM Settings-&gt;Change Scan Mode</name>
		<name>Optical Management-&gt;Path-&gt;Modify Port/Tp Configuration</name>
        <name>Optical Management-&gt;Path-&gt;Delete TC Path</name>
        <name>Optical Management-&gt;Path-&gt;Solve Inconsistency</name>
        <name>Optical Management-&gt;Path-&gt;Unmanage TC Path</name>
        <name>Optical Management-&gt;Path-&gt;Service Roll</name>
        <name>Optical Management-&gt;Path-&gt;Open Path Hierarchy</name>
        <name>Optical Management-&gt;Path-&gt;View Path History</name>
        <name>Optical Management-&gt;Path-&gt;Reroute Request</name>
        <name>Optical Management-&gt;Path-&gt;Reroute Abort Request</name>
        <name>Optical Management-&gt;Path-&gt;Provision Reroute</name>
        <name>Optical Management-&gt;Alarm List-&gt;Open Affected Equipment List</name>
        <name>Optical Management-&gt;Alarm List-&gt;Affected Equipment List-&gt;Modify Administrative State</name>
		<name>Optical Management-&gt;Browser-&gt;Open Window</name>
		<name>Optical Management-&gt;Browser-&gt;Modify Port/Tp Configuration</name>
        <name>Optical Management-&gt;OM Settings-&gt;Reroute Timeout</name>
        <name>Optical Management-&gt;OM Settings-&gt;Change Default Correlation Mode</name>
        <name>Optical Management-&gt;Path-&gt;Change Alarm Mask</name>  
        <name>Network-&gt;DCN-&gt;Activate EMs</name>
        <name>Network-&gt;DCN-&gt;Deactivate EMs</name>
        <name>Network-&gt;DCN-&gt;Activate All NEs in EM</name>
        <name>Network-&gt;DCN-&gt;Deactivate All NEs in EM</name>
		<name>Network-&gt;NE-&gt;User Configuration-&gt;New</name>
		<name>Network-&gt;NE-&gt;User Configuration-&gt;Modify</name>
		<name>Network-&gt;NE-&gt;User Configuration-&gt;Modify Password Temporarily Locked</name>
		<name>Network-&gt;NE-&gt;User Configuration-&gt;Delete</name>
		<name>Network-&gt;NE-&gt;User Configuration-&gt;Enable and Disable</name>
		<name>Network-&gt;NE-&gt;User Configuration-&gt;Display LoggedIn User</name>
		<name>Network-&gt;NE-&gt;Configuration Backup-&gt;Manual</name>
		<name>Network-&gt;NE-&gt;Configuration Backup-&gt;Browse Configuration Files</name>
		<name>Network-&gt;NE-&gt;Upload Inventory-&gt;Manual</name>
		<name>Network-&gt;NE-&gt;Upload Inventory-&gt;Scheduled</name>
		<name>Network-&gt;NE-&gt;Upload Inventory-&gt;Browse Inventory Files</name>
		<name>Network-&gt;NE-&gt;Upload DCN Status-&gt;Manual</name>
		<name>Network-&gt;NE-&gt;Upload DCN Status-&gt;Browse DCN Status Files</name>
		<name>Network-&gt;NE-&gt;Software-&gt;Swap History</name>
		<name>Network-&gt;NE-&gt;Upload DCN Status-&gt;Scheduled</name>
		<name>Supervision-&gt;Fault-&gt;Objects-&gt;Acknowledge All Object Alarms...</name>
		<name>Configuration-&gt;Subscribers and Services...</name>
		<name>Configuration-&gt;Subscribers and Services-&gt;Create</name>
		<name>Configuration-&gt;Subscribers and Services-&gt;Modify</name>
		<name>Configuration-&gt;Subscribers and Services-&gt;Delete</name>
		<name>Configuration-&gt;Subscribers and Services-&gt;Tree Management</name>
		<name>Configuration-&gt;PTC Administration</name>
		<name>Configuration-&gt;Protection Groups Manager...</name>
		<name>Configuration-&gt;Protection Groups Manager-&gt;Modify</name>
		<name>Configuration-&gt;Protection Groups Manager-&gt;Manage</name>				
		<name>Configuration-&gt;Protection Groups Manager-&gt;Unmanage</name>		
		<name>File-&gt;Export Configuration-&gt;Export Span Measurements</name>
		<name>Configuration-&gt;Service Level...</name>
		<name>Configuration-&gt;Service Level-&gt;Create</name>
		<name>Configuration-&gt;Service Level-&gt;Modify</name>
		<name>Configuration-&gt;Service Level-&gt;Delete</name>
		<name>Configuration-&gt;Subscribers and Services-&gt;Path Management</name>
		<name>Configuration-&gt;Subscribers and Services-&gt;Disabled Path Management</name>
		<name>Configuration-&gt;Subscribers and Services-&gt;Export Connectivity Data</name>	
		<name>Ethernet-&gt;Service-&gt;Activate</name>
		<name>Ethernet-&gt;Service-&gt;Alarm Log</name>
		<name>Ethernet-&gt;Service-&gt;Deactivate</name>
		<name>Ethernet-&gt;Service-&gt;New</name>
		<name>Ethernet-&gt;Service-&gt;Modify</name>
		<name>Ethernet-&gt;Service-&gt;New MPLS Service</name>
		<name>Ethernet-&gt;Service-&gt;Event Log</name>
		<name>Optical Management-&gt;OM Settings-&gt;Change TTI Activation</name>
		<name>LogM-&gt;Path Event History Log...</name>
		<name>LogM-&gt;Path Event History Log-&gt;Request Data with Filter and Sort</name>
		<name>File-&gt;Export Configuration-&gt;Settings</name>
	  	<name>File-&gt;Import Configuration-&gt;Schedule DCN Status</name>
	  	<name>File-&gt;Export Configuration-&gt;Schedule DCN Status</name>
	  	<name>File-&gt;Import Configuration-&gt;Schedule Inventory</name>
	  	<name>File-&gt;Export Configuration-&gt;Schedule Inventory</name>
	  	<name>Administration-&gt;System Preferences-&gt;Performance Management</name>
		<name>Administration-&gt;System Preferences-&gt;Performance Management-&gt;Edit</name>
		<name>Administration-&gt;System Preferences-&gt;Subscribers and Services</name>
      </add>
    </policy>
    <policy name="TNMSSupervision">
      <add>
	    <name>Ethernet-&gt;MPLS-TP-&gt;TE-Link-&gt;Management</name>
		<name>Ethernet-&gt;MPLS-TP-&gt;TE-Link-&gt;Details</name>
		<name>Ethernet-&gt;MPLS-TP-&gt;Tunnel-&gt;Management</name>
		<name>Ethernet-&gt;MPLS-TP-&gt;Tunnel-&gt;Details</name>
		<name>Ethernet-&gt;MPLS-TP-&gt;Tunnel-&gt;Alarm List</name>
		<name>Ethernet-&gt;MPLS-TP-&gt;Tunnel-&gt;Alarm Log</name>
        <name>Network-&gt;Inventory</name>
        <name>Optical Management-&gt;Browser-&gt;Open Window</name>
        <name>Optical Management-&gt;Path-&gt;Open Path Hierarchy</name>
        <name>Optical Management-&gt;Alarm List-&gt;Open Affected Equipment List</name>
		<name>Supervision-&gt;Fault-&gt;Objects-&gt;Acknowledge All Object Alarms...</name>
		<name>Configuration-&gt;Subscribers and Services...</name>
		<name>Configuration-&gt;Protection Groups Manager...</name>
		<name>Configuration-&gt;Service Level...</name>
		<name>Configuration-&gt;Subscribers and Services-&gt;Path Management</name>		
		<name>Configuration-&gt;Subscribers and Services-&gt;Disabled Path Management</name>		
		<name>Ethernet-&gt;Service-&gt;Alarm Log</name>
		<name>Ethernet-&gt;Service-&gt;Event Log</name>
		<name>LogM-&gt;Path Event History Log...</name>
		<name>LogM-&gt;Path Event History Log-&gt;Request Data with Filter and Sort</name>
		<name>ASON-&gt;TE-Link-&gt;List Calls</name>
		<name>Supervision-&gt;Performance-&gt;15-minute Log...</name>	
		<name>Supervision-&gt;Performance-&gt;24-hour Log...</name>
		<name>Supervision-&gt;Performance-&gt;15-minute Manual upload</name>
		<name>Supervision-&gt;Performance-&gt;24-hour Manual upload</name>
		<name>Supervision-&gt;Performance-&gt;PMP modify-&gt;Filter and Sort</name>
		<name>Supervision-&gt;Performance-&gt;PMP modify-&gt;Remove All Filters</name>
		<name>Administration-&gt;System Preferences-&gt;Performance Management</name>
	  </add>
	   <remove>
		<name>Ethernet-&gt;MPLS-TP-&gt;Tunnel-&gt;New</name>
	   </remove>
    </policy>
    <policy name="TNMSMaintenance">
      <add>
		<name>Ethernet-&gt;MPLS-TP-&gt;TE-Link-&gt;Management</name>
		<name>Ethernet-&gt;MPLS-TP-&gt;TE-Link-&gt;Details</name>
		<name>Ethernet-&gt;MPLS-TP-&gt;Tunnel-&gt;Management</name>
		<name>Ethernet-&gt;MPLS-TP-&gt;Tunnel-&gt;Details</name>
		<name>Ethernet-&gt;MPLS-TP-&gt;Tunnel-&gt;Alarm List</name>
		<name>Ethernet-&gt;MPLS-TP-&gt;Tunnel-&gt;Alarm Log</name>
        <name>Network-&gt;Inventory</name>
        <name>Optical Management-&gt;Browser-&gt;Open Window</name>
        <name>Optical Management-&gt;Alarm List-&gt;Open Affected Equipment List</name>
        <name>Optical Management-&gt;Path-&gt;Open Path Hierarchy</name>
		<name>Supervision-&gt;Fault-&gt;Objects-&gt;Acknowledge All Object Alarms...</name>
		<name>Supervision-&gt;Performance-&gt;15-minute Log...</name>
		<name>Supervision-&gt;Performance-&gt;24-hour Log...</name>
		<name>Supervision-&gt;Performance-&gt;15-minute Manual upload</name>
		<name>Supervision-&gt;Performance-&gt;24-hour Manual upload</name>
		<name>Supervision-&gt;Performance-&gt;PMP modify-&gt;Filter and Sort</name>
		<name>Supervision-&gt;Performance-&gt;PMP modify-&gt;Remove All Filters</name>
		<name>Configuration-&gt;Subscribers and Services...</name>
		<name>Configuration-&gt;Protection Groups Manager...</name>
		<name>Configuration-&gt;Service Level...</name>
		<name>Configuration-&gt;Subscribers and Services-&gt;Path Management</name>
		<name>Configuration-&gt;Subscribers and Services-&gt;Disabled Path Management</name>		
		<name>Ethernet-&gt;Service-&gt;Alarm Log</name>
		<name>Ethernet-&gt;Service-&gt;Event Log</name>
		<name>LogM-&gt;Path Event History Log...</name>
		<name>LogM-&gt;Path Event History Log-&gt;Request Data with Filter and Sort</name>
		<name>ASON-&gt;TE-Link-&gt;List Calls</name>
		<name>Administration-&gt;System Preferences-&gt;Performance Management</name>		
      </add>
	   <remove>
		<name>Ethernet-&gt;MPLS-TP-&gt;Tunnel-&gt;New</name>
      </remove>
    </policy>
    <policy name="TNMSOperation">
      <add>
		<name>Ethernet-&gt;MPLS-TP-&gt;TE-Link-&gt;Management</name>
		<name>Ethernet-&gt;MPLS-TP-&gt;TE-Link-&gt;Details</name>
		<name>Ethernet-&gt;MPLS-TP-&gt;Tunnel-&gt;Management</name>
		<name>Ethernet-&gt;MPLS-TP-&gt;Tunnel-&gt;Details</name>
		<name>Ethernet-&gt;MPLS-TP-&gt;Tunnel-&gt;Activate</name>
		<name>Ethernet-&gt;MPLS-TP-&gt;Tunnel-&gt;Administrative State-&gt;Disable</name>
		<name>Ethernet-&gt;MPLS-TP-&gt;Tunnel-&gt;Administrative State-&gt;Enable</name>
		<name>Ethernet-&gt;MPLS-TP-&gt;Tunnel-&gt;Alarm List</name>
		<name>Ethernet-&gt;MPLS-TP-&gt;Tunnel-&gt;Alarm Log</name>
		<name>Ethernet-&gt;MPLS-TP-&gt;Tunnel-&gt;Deactivate</name>
		<name>Ethernet-&gt;MPLS-TP-&gt;Tunnel-&gt;Delete</name>
		<name>Ethernet-&gt;MPLS-TP-&gt;Tunnel-&gt;Discovery</name>
		<name>Ethernet-&gt;MPLS-TP-&gt;Tunnel-&gt;Modify</name>
		<name>Ethernet-&gt;MPLS-TP-&gt;Tunnel-&gt;External Switch</name>
		<name>Ethernet-&gt;MPLS-TP-&gt;Tunnel-&gt;New</name>
		<name>Ethernet-&gt;Service-&gt;Configure Alarm Correlation</name>
		<name>Ethernet-&gt;Service-&gt;New MPLS Service</name>
		<name>Ethernet-&gt;Service-&gt;Manage</name>
		<name>Ethernet-&gt;Service-&gt;New</name>
		<name>Ethernet-&gt;Service-&gt;Unmanage</name>
		<name>Ethernet-&gt;Ring-&gt;Manage</name>
		<name>Ethernet-&gt;Ring-&gt;Unmanage</name>
		<name>Ethernet-&gt;Ring-&gt;Rename</name>
		<name>ASON-&gt;TE-Link-&gt;Delete</name>
        <name>Network-&gt;Inventory</name>
        <name>Optical Management-&gt;Browser-&gt;Open Window</name>
        <name>Optical Management-&gt;Path-&gt;Reroute Abort Request</name>
        <name>Optical Management-&gt;OM Settings-&gt;Reroute Timeout</name>
        <name>Optical Management-&gt;Path-&gt;Open Path Hierarchy</name>
        <name>Optical Management-&gt;Alarm List-&gt;Affected Equipment List-&gt;Modify Administrative State</name>
        <name>Optical Management-&gt;Alarm List-&gt;Open Affected Equipment List</name>
        <name>Optical Management-&gt;Path-&gt;Reroute Request</name>
        <name>Optical Management-&gt;Path-&gt;Provision Reroute</name>
        <name>Optical Management-&gt;Path-&gt;View Path History</name>
        <name>Optical Management-&gt;Path-&gt;Change Alarm Mask</name>
        <name>Optical Management-&gt;Path-&gt;Solve Inconsistency</name>		
        <name>Network-&gt;DCN-&gt;Drag NE</name>
		<name>Configuration-&gt;Subscribers and Services...</name>
		<name>Configuration-&gt;Subscribers and Services-&gt;Modify</name>
		<name>Configuration-&gt;Subscribers and Services-&gt;Delete</name>
		<name>Configuration-&gt;Subscribers and Services-&gt;Tree Management</name>
		<name>Configuration-&gt;Protection Groups Manager...</name>
		<name>Optical Management-&gt;Path-&gt;Solve Inconsistency</name>		
		<name>File-&gt;Export Configuration-&gt;Export Span Measurements</name>
		<name>Configuration-&gt;Service Level...</name>
		<name>Configuration-&gt;Service Level-&gt;Create</name>
		<name>Configuration-&gt;Service Level-&gt;Modify</name>
		<name>Configuration-&gt;Service Level-&gt;Delete</name>
		<name>Configuration-&gt;Subscribers and Services-&gt;Create</name>
		<name>Configuration-&gt;Subscribers and Services-&gt;Path Management</name>
		<name>Configuration-&gt;Subscribers and Services-&gt;Disabled Path Management</name>		
		<name>Ethernet-&gt;Service-&gt;Alarm Log</name>
		<name>Ethernet-&gt;Service-&gt;Activate</name>
		<name>Ethernet-&gt;Service-&gt;Deactivate</name>
		<name>Ethernet-&gt;Service-&gt;Event Log</name>
		<name>Optical Management-&gt;OM Settings-&gt;Change TTI Activation</name>
		<name>LogM-&gt;Path Event History Log...</name>
		<name>LogM-&gt;Path Event History Log-&gt;Request Data with Filter and Sort</name>
		<name>ASON-&gt;TE-Link-&gt;New</name>
		<name>ASON-&gt;TE-Link-&gt;Activate</name>
		<name>ASON-&gt;TE-Link-&gt;Deactivate</name>
		<name>ASON-&gt;TE-Link-&gt;List Calls</name>		
		<name>ASON-&gt;Call-&gt;New</name>
		<name>ASON-&gt;Component Link-&gt;Activate</name>
		<name>ASON-&gt;Component Link-&gt;Deactivate</name>
		<name>ASON-&gt;Component Link-&gt;Delete</name>
		<name>ASON-&gt;Component Link-&gt;New</name>
		<name>ASON-&gt;Port-&gt;Modify</name>
		<name>Supervision-&gt;Performance-&gt;Modify 15-minute Log...</name>		
		<name>Supervision-&gt;Performance-&gt;Modify 15-minute Log-&gt;OK</name>		
		<name>Supervision-&gt;Performance-&gt;15-minute Log...</name>
		<name>Supervision-&gt;Performance-&gt;Modify 24-hour Log...</name>
		<name>Supervision-&gt;Performance-&gt;Modify 24-hour Log-&gt;OK</name>
		<name>Supervision-&gt;Performance-&gt;24-hour Log...</name>
		<name>Supervision-&gt;Performance-&gt;15-minute Manual upload</name>
		<name>Supervision-&gt;Performance-&gt;24-hour Manual upload</name>
		<name>Supervision-&gt;Performance-&gt;PMP activation</name>
		<name>Supervision-&gt;Performance-&gt;PMP modify...</name>
		<name>Supervision-&gt;Performance-&gt;PMP modify-&gt;Filter and Sort</name>
		<name>Supervision-&gt;Performance-&gt;PMP modify-&gt;Remove All Filters</name>
		<name>Supervision-&gt;Fault-&gt;Alarm List...</name>
		<name>Supervision-&gt;Fault-&gt;Alarm List-&gt;Alarm Details...</name>
		<name>Supervision-&gt;Fault-&gt;Alarm List-&gt;Alarm Details-&gt;Add Note</name>
		<name>Supervision-&gt;Fault-&gt;Alarm List-&gt;Freeze</name>
		<name>Supervision-&gt;Fault-&gt;Alarm Log...</name>
		<name>Supervision-&gt;Fault-&gt;Alarm Log-&gt;Alarm Details...</name>
		<name>Supervision-&gt;Fault-&gt;Alarm Log-&gt;Configure...</name>
		<name>Supervision-&gt;Fault-&gt;Alarm Log-&gt;Configure-&gt;OK</name>
		<name>Supervision-&gt;Fault-&gt;Alarm Log-&gt;Request Data with Filter and Sort</name>
		<name>Supervision-&gt;Fault-&gt;Alarm Log-&gt;Update</name>
		<name>Administration-&gt;System Preferences-&gt;Performance Management</name>
      </add>
      <remove>
        <name>Optical Management-&gt;Path-&gt;Modify Path</name>
		<name>Ethernet-&gt;MPLS-TP-&gt;Tunnel-&gt;New</name>
      </remove>
    </policy>
    <policy name="TNMSConfiguration">
      <add>
		<name>Administration-&gt;System Preferences-&gt;NE Inventory Upload</name>
		<name>Administration-&gt;System Preferences-&gt;NE Configuration Backup</name>
		<name>Administration-&gt;System Preferences-&gt;Map Automatic Position</name>
		<name>Administration-&gt;System Preferences-&gt;NE DCN Status Upload</name>
		<name>Ethernet-&gt;MPLS-TP-&gt;TE-Link-&gt;Management</name>
		<name>Ethernet-&gt;MPLS-TP-&gt;TE-Link-&gt;Details</name>
		<name>Ethernet-&gt;MPLS-TP-&gt;Tunnel-&gt;New</name>
		<name>Ethernet-&gt;MPLS-TP-&gt;Tunnel-&gt;Management</name>
		<name>Ethernet-&gt;MPLS-TP-&gt;Tunnel-&gt;Details</name>
		<name>Ethernet-&gt;MPLS-TP-&gt;Tunnel-&gt;Activate</name>
		<name>Ethernet-&gt;MPLS-TP-&gt;Tunnel-&gt;Administrative State-&gt;Disable</name>
		<name>Ethernet-&gt;MPLS-TP-&gt;Tunnel-&gt;Administrative State-&gt;Enable</name>
		<name>Ethernet-&gt;MPLS-TP-&gt;Tunnel-&gt;Alarm List</name>
		<name>Ethernet-&gt;MPLS-TP-&gt;Tunnel-&gt;Alarm Log</name>
		<name>Ethernet-&gt;MPLS-TP-&gt;Tunnel-&gt;Deactivate</name>
		<name>Ethernet-&gt;MPLS-TP-&gt;Tunnel-&gt;Delete</name>
		<name>Ethernet-&gt;MPLS-TP-&gt;Tunnel-&gt;Discovery</name>
		<name>Ethernet-&gt;MPLS-TP-&gt;Tunnel-&gt;Modify</name>
		<name>Ethernet-&gt;MPLS-TP-&gt;Tunnel-&gt;External Switch</name>
		<name>Ethernet-&gt;Service-&gt;Configure Alarm Correlation</name>
		<name>ASON-&gt;Call-&gt;External Switch Request</name>
		<name>ASON-&gt;Component Link-&gt;Details</name>
		<name>ASON-&gt;LSP-&gt;Relocate</name>
		<name>ASON-&gt;TE-Link-&gt;Activate</name>
		<name>ASON-&gt;TE-Link-&gt;Deactivate</name>
		<name>ASON-&gt;TE-Link-&gt;List Calls</name>
		<name>ASON-&gt;Termination Point-&gt;Reserve</name>
		<name>ASON-&gt;Termination Point-&gt;Unreserve</name>
		<name>Network-&gt;Inventory</name>
        <name>Network-&gt;DCN-&gt;Activate EMs</name>
        <name>Network-&gt;DCN-&gt;Deactivate EMs</name>
		<name>Optical Management-&gt;Path-&gt;Modify Port/Tp Configuration</name>
        <name>Object Context Menu-&gt;Set to Active Mode</name>
        <name>Optical Management-&gt;OM Settings-&gt;Reroute Timeout</name>
        <name>Optical Management-&gt;Path-&gt;Reroute Abort Request</name>
        <name>Optical Management-&gt;Path-&gt;Open Path Hierarchy</name>
        <name>Optical Management-&gt;Path-&gt;Provision Reroute</name>
        <name>Optical Management-&gt;Path-&gt;Reroute Request</name>
        <name>Optical Management-&gt;Path-&gt;View Path History</name>
        <name>Optical Management-&gt;Alarm List-&gt;Open Affected Equipment List</name>
        <name>Optical Management-&gt;Alarm List-&gt;Affected Equipment List-&gt;Modify Administrative State</name>
		<name>Optical Management-&gt;Browser-&gt;Open Window</name>
		<name>Optical Management-&gt;Browser-&gt;Modify Port/Tp Configuration</name>
        <name>Optical Management-&gt;Path-&gt;Change Alarm Mask</name>  		
		<name>Supervision-&gt;Fault-&gt;Objects-&gt;Acknowledge All Object Alarms...</name>
		<name>Supervision-&gt;Performance-&gt;Modify 15-minute Log...</name>
		<name>Supervision-&gt;Performance-&gt;Modify 15-minute Log-&gt;OK</name>
		<name>Supervision-&gt;Performance-&gt;15-minute Log...</name>
		<name>Supervision-&gt;Performance-&gt;Modify 24-hour Log...</name>
		<name>Supervision-&gt;Performance-&gt;Modify 24-hour Log-&gt;OK</name>
		<name>Supervision-&gt;Performance-&gt;24-hour Log...</name>
		<name>Supervision-&gt;Performance-&gt;15-minute Manual upload</name>
		<name>Supervision-&gt;Performance-&gt;24-hour Manual upload</name>
		<name>Supervision-&gt;Performance-&gt;PMP activation</name>
		<name>Supervision-&gt;Performance-&gt;PMP modify...</name>
		<name>Supervision-&gt;Performance-&gt;PMP modify-&gt;Filter and Sort</name>
		<name>Supervision-&gt;Performance-&gt;PMP modify-&gt;Remove All Filters</name>			
		<name>Configuration-&gt;Subscribers and Services...</name>
		<name>Configuration-&gt;Subscribers and Services-&gt;Create</name>
		<name>Configuration-&gt;Subscribers and Services-&gt;Modify</name>
		<name>Configuration-&gt;Subscribers and Services-&gt;Delete</name>
		<name>Configuration-&gt;Subscribers and Services-&gt;Tree Management</name>
		<name>Configuration-&gt;Protection Groups Manager...</name>
		<name>Configuration-&gt;Protection Groups Manager-&gt;Modify</name>
		<name>Configuration-&gt;Protection Groups Manager-&gt;Manage</name>
		<name>Configuration-&gt;Protection Groups Manager-&gt;Unmanage</name>
		<name>File-&gt;Export Configuration-&gt;Export Span Measurements</name>
		<name>Configuration-&gt;Service Level...</name>
		<name>Configuration-&gt;Service Level-&gt;Create</name>
		<name>Configuration-&gt;Service Level-&gt;Modify</name>
		<name>Configuration-&gt;Service Level-&gt;Delete</name>
		<name>Configuration-&gt;Subscribers and Services-&gt;Path Management</name>
		<name>Configuration-&gt;Subscribers and Services-&gt;Disabled Path Management</name>
		<name>Ethernet-&gt;Service-&gt;Activate</name>
		<name>Ethernet-&gt;Service-&gt;Alarm Log</name>
		<name>Ethernet-&gt;Service-&gt;Deactivate</name>
		<name>Ethernet-&gt;Service-&gt;New</name>
		<name>Ethernet-&gt;Service-&gt;Modify</name>
		<name>Ethernet-&gt;Service-&gt;New MPLS Service</name>
		<name>Ethernet-&gt;Service-&gt;Event Log</name>
		<name>Optical Management-&gt;OM Settings-&gt;Change TTI Activation</name>
		<name>LogM-&gt;Path Event History Log...</name>
		<name>LogM-&gt;Path Event History Log-&gt;Request Data with Filter and Sort</name>
		<name>Administration-&gt;System Preferences-&gt;Performance Management</name>
      </add>
    </policy>
  </policies>
  <menu-option-updates>
      <replace>
        <menu-option>
          <old-name>File-&gt;User Preferences-&gt;ASON</old-name>
          <new-name>ASON-&gt;User Preferences</new-name>
        </menu-option>
        <menu-option>
          <old-name>ASON-&gt;Menus-&gt;View-&gt;Call Event Log-&gt;Maximum Events per Call...</old-name>
          <new-name>ASON-&gt;Menus-&gt;Configuration-&gt;Call-&gt;Event Log maximum events per call...</new-name>
        </menu-option>
        <menu-option>
          <old-name>ASON-&gt;Menus-&gt;View-&gt;Call Event Log</old-name>
          <new-name>ASON-&gt;Menus-&gt;Configuration-&gt;Call-&gt;Event Log</new-name>
        </menu-option>
        <menu-option>
          <old-name>ASON-&gt;Menus-&gt;View-&gt;Logical Map</old-name>
          <new-name>ASON-&gt;Menus-&gt;Configuration-&gt;Logical Map</new-name>
        </menu-option>
        <menu-option>
          <old-name>ASON-&gt;Menus-&gt;View-&gt;ASON Browser</old-name>
          <new-name>ASON-&gt;Menus-&gt;Configuration-&gt;Browser</new-name>
        </menu-option>
        <menu-option>
          <old-name>Security-&gt;Access Rights...</old-name>
          <new-name>Administration-&gt;Access Rights...</new-name>
        </menu-option>
        <menu-option>
          <old-name>Security-&gt;Domain Administration...</old-name>
          <new-name>Administration-&gt;Domain Management...</new-name>
        </menu-option>
        <menu-option>
          <old-name>Security-&gt;Domain Administration-&gt;Assign Policy...</old-name>
          <new-name>Administration-&gt;Domain Management-&gt;Assign Policy...</new-name>
        </menu-option>
        <menu-option>
          <old-name>Security-&gt;Domain Administration-&gt;Assign Policy-&gt;Apply</old-name>
          <new-name>Administration-&gt;Domain Management-&gt;Assign Policy-&gt;Apply</new-name>
        </menu-option>
        <menu-option>
          <old-name>Security-&gt;License Key Administration...</old-name>
          <new-name>Administration-&gt;License Management...</new-name>
        </menu-option>
        <menu-option>
          <old-name>Security-&gt;License Key Administration-&gt;Add</old-name>
          <new-name>Administration-&gt;License Management-&gt;Add</new-name>
        </menu-option>
        <menu-option>
          <old-name>Security-&gt;License Key Administration-&gt;Delete</old-name>
          <new-name>Administration-&gt;License Management-&gt;Delete</new-name>
        </menu-option>
        <menu-option>
          <old-name>Security-&gt;License Key Administration-&gt;Details</old-name>
          <new-name>Administration-&gt;License Management-&gt;Details</new-name>
        </menu-option>
        <menu-option>
          <old-name>Security-&gt;License Key Administration-&gt;Export</old-name>
          <new-name>Administration-&gt;License Management-&gt;Export</new-name>
        </menu-option>
        <menu-option>
          <old-name>Security-&gt;License Key Administration-&gt;Import</old-name>
          <new-name>Administration-&gt;License Management-&gt;Import</new-name>
        </menu-option>
        <menu-option>
          <old-name>Security-&gt;License Log...</old-name>
          <new-name>Administration-&gt;License Log...</new-name>
        </menu-option>
        <menu-option>
          <old-name>Security-&gt;License Log Settings...</old-name>
          <new-name>Administration-&gt;License Log Settings...</new-name>
        </menu-option>
        <menu-option>
          <old-name>Security-&gt;Policy Administration...</old-name>
          <new-name>Administration-&gt;Policy Management...</new-name>
        </menu-option>
        <menu-option>
          <old-name>Security-&gt;Policy Administration-&gt;Delete</old-name>
          <new-name>Administration-&gt;Policy Management-&gt;Delete</new-name>
        </menu-option>
        <menu-option>
          <old-name>Security-&gt;Policy Administration-&gt;Modify</old-name>
          <new-name>Administration-&gt;Policy Management-&gt;Modify</new-name>
        </menu-option>
        <menu-option>
          <old-name>Security-&gt;Policy Administration-&gt;New</old-name>
          <new-name>Administration-&gt;Policy Management-&gt;New</new-name>
        </menu-option>
        <menu-option>
          <old-name>Security-&gt;User Administration...</old-name>
          <new-name>Administration-&gt;User Management...</new-name>
        </menu-option>
        <menu-option>
          <old-name>Security-&gt;User Administration-&gt;Activate</old-name>
          <new-name>Administration-&gt;User Management-&gt;Activate</new-name>
        </menu-option>
        <menu-option>
          <old-name>Security-&gt;User Administration-&gt;Deactivate</old-name>
          <new-name>Administration-&gt;User Management-&gt;Deactivate</new-name>
        </menu-option>
        <menu-option>
          <old-name>Security-&gt;User Administration-&gt;Delete</old-name>
          <new-name>Administration-&gt;User Management-&gt;Delete</new-name>
        </menu-option>
        <menu-option>
          <old-name>Security-&gt;User Administration-&gt;Force Logoff</old-name>
          <new-name>Administration-&gt;User Management-&gt;Force Logoff</new-name>
        </menu-option>
        <menu-option>
          <old-name>Security-&gt;User Administration-&gt;Modify</old-name>
          <new-name>Administration-&gt;User Management-&gt;Modify</new-name>
        </menu-option>
        <menu-option>
          <old-name>Security-&gt;User Administration-&gt;New</old-name>
          <new-name>Administration-&gt;User Management-&gt;New</new-name>
        </menu-option>
        <menu-option>
          <old-name>Security-&gt;User Administration-&gt;Unlock</old-name>
          <new-name>Administration-&gt;User Management-&gt;Unlock</new-name>
        </menu-option>
        <menu-option>
          <old-name>Security-&gt;User Group Administration...</old-name>
          <new-name>Administration-&gt;User Group Management...</new-name>
        </menu-option>
        <menu-option>
          <old-name>Security-&gt;User Group Administration-&gt;Delete</old-name>
          <new-name>Administration-&gt;User Group Management-&gt;Delete</new-name>
        </menu-option>
        <menu-option>
          <old-name>Security-&gt;User Group Administration-&gt;Modify</old-name>
          <new-name>Administration-&gt;User Group Management-&gt;Modify</new-name>
        </menu-option>
        <menu-option>
          <old-name>Security-&gt;User Group Administration-&gt;New</old-name>
          <new-name>Administration-&gt;User Group Management-&gt;New</new-name>
        </menu-option>
		<menu-option>
          <old-name>Security-&gt;NE User Configuration-&gt;New</old-name>
          <new-name>Network-&gt;NE-&gt;User Configuration-&gt;New</new-name>
        </menu-option>
		<menu-option>
          <old-name>Security-&gt;NE User Configuration-&gt;Modify</old-name>
          <new-name>Network-&gt;NE-&gt;User Configuration-&gt;Modify</new-name>
        </menu-option>
		<menu-option>
          <old-name>Security-&gt;NE User Configuration-&gt;Delete</old-name>
          <new-name>Network-&gt;NE-&gt;User Configuration-&gt;Delete</new-name>
        </menu-option>
		<menu-option>
          <old-name>Security-&gt;NE User Configuration-&gt;Enable and Disable</old-name>
          <new-name>Network-&gt;NE-&gt;User Configuration-&gt;Enable and Disable</new-name>
        </menu-option>
		<menu-option>
          <old-name>Security-&gt;NE User Configuration-&gt;Display LoggedIn User</old-name>
          <new-name>Network-&gt;NE-&gt;User Configuration-&gt;Display LoggedIn User</new-name>
        </menu-option>
        <menu-option>
          <old-name>File-&gt;Import Configuration-&gt;Import CSL</old-name>
          <new-name>Administration-&gt;Import From Core-&gt;Subscribers and Services...</new-name>
        </menu-option>
        <menu-option>
          <old-name>File-&gt;Import Configuration-&gt;TNMS Core paths</old-name>
          <new-name>Administration-&gt;Import From Core-&gt;Paths...</new-name>
        </menu-option>
        <menu-option>
          <old-name>View-&gt;System Event Log-&gt;Request Data with Filter and Sort</old-name>
          <new-name>Administration-&gt;System-&gt;Event Log-&gt;Request Data with Filter and Sort</new-name>
        </menu-option>
        <menu-option>
          <old-name>View-&gt;System Event Log...</old-name>
          <new-name>Administration-&gt;System-&gt;Event Log...</new-name>
        </menu-option>
        <menu-option>
          <old-name>Security-&gt;Security Log...</old-name>
          <new-name>Administration-&gt;Security Log...</new-name>
        </menu-option>
        <menu-option>
          <old-name>Security-&gt;Security Log-&gt;Request Data with Filter and Sort</old-name>
          <new-name>Administration-&gt;Security Log-&gt;Request Data with Filter and Sort</new-name>
        </menu-option>
        <menu-option>
          <old-name>View-&gt;Command Log-&gt;Request Data with Filter and Sort</old-name>
          <new-name>Administration-&gt;Command Log-&gt;Request Data with Filter and Sort</new-name>
        </menu-option>
        <menu-option>
          <old-name>View-&gt;Command Log...</old-name>
          <new-name>Administration-&gt;Command Log...</new-name>
        </menu-option>
        <menu-option>
          <old-name>View-&gt;Log List-&gt;Export Command Log</old-name>
          <new-name>Administration-&gt;Log List-&gt;Export Command Log</new-name>
        </menu-option>
        <menu-option>
          <old-name>View-&gt;Log List-&gt;Export Network Event Log</old-name>
          <new-name>Administration-&gt;Log List-&gt;Export Network Event Log</new-name>
        </menu-option>
        <menu-option>
          <old-name>View-&gt;Log List-&gt;Export Network Resource Log</old-name>
          <new-name>Administration-&gt;Log List-&gt;Export Network Resource Log</new-name>
        </menu-option>
        <menu-option>
          <old-name>View-&gt;Log List-&gt;Export License Log</old-name>
          <new-name>Administration-&gt;Log List-&gt;Export License Log</new-name>
        </menu-option>
        <menu-option>
          <old-name>View-&gt;Log List-&gt;Export ProvisioningEvent Log</old-name>
          <new-name>Administration-&gt;Log List-&gt;Export ProvisioningEvent Log</new-name>
        </menu-option>
        <menu-option>
          <old-name>View-&gt;Log List-&gt;Export Security Log</old-name>
          <new-name>Administration-&gt;Log List-&gt;Export Security Log</new-name>
        </menu-option>
        <menu-option>
          <old-name>View-&gt;Log List-&gt;Export System Event Log</old-name>
          <new-name>Administration-&gt;Log List-&gt;Export System Event Log</new-name>
        </menu-option>
        <menu-option>
          <old-name>View-&gt;Log List-&gt;Modify Command Log-&gt;OK</old-name>
          <new-name>Administration-&gt;Log List-&gt;Modify Command Log-&gt;OK</new-name>
        </menu-option>
        <menu-option>
          <old-name>View-&gt;Log List-&gt;Modify Command Log...</old-name>
          <new-name>Administration-&gt;Log List-&gt;Modify Command Log...</new-name>
        </menu-option>
        <menu-option>
          <old-name>View-&gt;Log List-&gt;Modify Network Event Log-&gt;OK</old-name>
          <new-name>Administration-&gt;Log List-&gt;Modify Network Event Log-&gt;OK</new-name>
        </menu-option>
        <menu-option>
          <old-name>View-&gt;Log List-&gt;Modify Network Event Log...</old-name>
          <new-name>Administration-&gt;Log List-&gt;Modify Network Event Log...</new-name>
        </menu-option>
        <menu-option>
          <old-name>View-&gt;Log List-&gt;Modify Network Resource Log-&gt;OK</old-name>
          <new-name>Administration-&gt;Log List-&gt;Modify Network Resource Log-&gt;OK</new-name>
        </menu-option>
        <menu-option>
          <old-name>View-&gt;Log List-&gt;Modify Network Resource Log...</old-name>
          <new-name>Administration-&gt;Log List-&gt;Modify Network Resource Log...</new-name>
        </menu-option>
        <menu-option>
          <old-name>View-&gt;Log List-&gt;Modify ProvisioningEvent Log...</old-name>
          <new-name>Administration-&gt;Log List-&gt;Modify ProvisioningEvent Log...</new-name>
        </menu-option>
        <menu-option>
          <old-name>View-&gt;Log List-&gt;Modify ProvisioningEvent Log-&gt;OK</old-name>
          <new-name>Administration-&gt;Log List-&gt;Modify ProvisioningEvent Log-&gt;OK</new-name>
        </menu-option>
        <menu-option>
          <old-name>View-&gt;Log List-&gt;Modify Security Log-&gt;OK</old-name>
          <new-name>Administration-&gt;Log List-&gt;Modify Security Log-&gt;OK</new-name>
        </menu-option>
        <menu-option>
          <old-name>View-&gt;Log List-&gt;Modify Security Log...</old-name>
          <new-name>Administration-&gt;Log List-&gt;Modify Security Log...</new-name>
        </menu-option>
        <menu-option>
          <old-name>View-&gt;Log List-&gt;Modify System Event Log-&gt;OK</old-name>
          <new-name>Administration-&gt;Log List-&gt;Modify System Event Log-&gt;OK</new-name>
        </menu-option>
        <menu-option>
          <old-name>View-&gt;Log List-&gt;Modify System Event Log...</old-name>
          <new-name>Administration-&gt;Log List-&gt;Modify System Event Log...</new-name>
        </menu-option>
        <menu-option>
          <old-name>View-&gt;Log List-&gt;View Command Log</old-name>
          <new-name>Administration-&gt;Log List-&gt;View Command Log</new-name>
        </menu-option>
        <menu-option>
          <old-name>View-&gt;Log List-&gt;View Network Event Log</old-name>
          <new-name>Administration-&gt;Log List-&gt;View Network Event Log</new-name>
        </menu-option>
        <menu-option>
          <old-name>View-&gt;Log List-&gt;View Network Resource Log</old-name>
          <new-name>Administration-&gt;Log List-&gt;View Network Resource Log</new-name>
        </menu-option>
        <menu-option>
          <old-name>View-&gt;Log List-&gt;View ProvisioningEvent Log</old-name>
          <new-name>Administration-&gt;Log List-&gt;View ProvisioningEvent Log</new-name>
        </menu-option>
        <menu-option>
          <old-name>View-&gt;Log List-&gt;View Security Log</old-name>
          <new-name>Administration-&gt;Log List-&gt;View Security Log</new-name>
        </menu-option>
        <menu-option>
          <old-name>View-&gt;Log List-&gt;View System Event Log</old-name>
          <new-name>Administration-&gt;Log List-&gt;View System Event Log</new-name>
        </menu-option>
        <menu-option>
          <old-name>View-&gt;Log List...</old-name>
          <new-name>Administration-&gt;Log List...</new-name>
        </menu-option>
        <menu-option>
          <old-name>Security-&gt;Security Settings-&gt;Apply</old-name>
          <new-name>Administration-&gt;System Preferences-&gt;Security Settings...</new-name>
        </menu-option>
        <menu-option>
          <old-name>Fault-&gt;Alarm Colors...</old-name>
          <new-name>Administration-&gt;System Preferences-&gt;Alarm Colors...</new-name>
        </menu-option>
        <menu-option>
          <old-name>Fault-&gt;Alarm Forwarding...</old-name>
          <new-name>Administration-&gt;System Preferences-&gt;Alarm Forwarding...</new-name>
        </menu-option>
        <menu-option>
          <old-name>Fault-&gt;Toggle Filter...</old-name>
          <new-name>Administration-&gt;System Preferences-&gt;Toggle Filter...</new-name>
        </menu-option>
		<menu-option>
          <old-name>Configuration-&gt;Set SFTP Configuration Details</old-name>
          <new-name>Administration-&gt;System Preferences-&gt;Set SFTP Configuration Details</new-name>
        </menu-option>
        <menu-option>
          <old-name>Configuration-&gt;NE Software Management-&gt;Download Settings</old-name>
          <new-name>Administration-&gt;System Preferences-&gt;NE Software Download</new-name>
        </menu-option>
        <menu-option>
          <old-name>View-&gt;ProvisioningEvent Log-&gt;Request Data with Filter and Sort</old-name>
          <new-name>Configuration-&gt;Provisioning Event Log-&gt;Request Data with Filter and Sort</new-name>
        </menu-option>
        <menu-option>
          <old-name>View-&gt;ProvisioningEvent Log...</old-name>
          <new-name>Configuration-&gt;Provisioning Event Log...</new-name>
        </menu-option>
        <menu-option>
          <old-name>Fault-&gt;Alarm List...</old-name>
          <new-name>Supervision-&gt;Fault-&gt;Alarm List...</new-name>
        </menu-option>
        <menu-option>
          <old-name>Fault-&gt;Alarm List-&gt;Acknowledge Alarms</old-name>
          <new-name>Supervision-&gt;Fault-&gt;Alarm List-&gt;Acknowledge Alarms</new-name>
        </menu-option>
        <menu-option>
          <old-name>Fault-&gt;Alarm List-&gt;Alarm Details...</old-name>
          <new-name>Supervision-&gt;Fault-&gt;Alarm List-&gt;Alarm Details...</new-name>
        </menu-option>
        <menu-option>
          <old-name>Fault-&gt;Alarm List-&gt;Alarm Details-&gt;Add Note</old-name>
          <new-name>Supervision-&gt;Fault-&gt;Alarm List-&gt;Alarm Details-&gt;Add Note</new-name>
        </menu-option>
        <menu-option>
          <old-name>Fault-&gt;Alarm List-&gt;Freeze</old-name>
          <new-name>Supervision-&gt;Fault-&gt;Alarm List-&gt;Freeze</new-name>
        </menu-option>
        <menu-option>
          <old-name>Fault-&gt;Alarm List-&gt;Unacknowledge Alarms</old-name>
          <new-name>Supervision-&gt;Fault-&gt;Alarm List-&gt;Unacknowledge Alarms</new-name>
        </menu-option>
        <menu-option>
          <old-name>Fault-&gt;Alarm Log...</old-name>
          <new-name>Supervision-&gt;Fault-&gt;Alarm Log...</new-name>
        </menu-option>
        <menu-option>
          <old-name>Fault-&gt;Alarm Log-&gt;Alarm Details...</old-name>
          <new-name>Supervision-&gt;Fault-&gt;Alarm Log-&gt;Alarm Details...</new-name>
        </menu-option>
        <menu-option>
          <old-name>Fault-&gt;Alarm Log-&gt;Configure...</old-name>
          <new-name>Supervision-&gt;Fault-&gt;Alarm Log-&gt;Configure...</new-name>
        </menu-option>
        <menu-option>
          <old-name>Fault-&gt;Alarm Log-&gt;Configure-&gt;OK</old-name>
          <new-name>Supervision-&gt;Fault-&gt;Alarm Log-&gt;Configure-&gt;OK</new-name>
        </menu-option>
        <menu-option>
          <old-name>Fault-&gt;Alarm Log-&gt;Export...</old-name>
          <new-name>Supervision-&gt;Fault-&gt;Alarm Log-&gt;Export...</new-name>
        </menu-option>
        <menu-option>
          <old-name>Fault-&gt;Alarm Log-&gt;Request Data with Filter and Sort</old-name>
          <new-name>Supervision-&gt;Fault-&gt;Alarm Log-&gt;Request Data with Filter and Sort</new-name>
        </menu-option>
        <menu-option>
          <old-name>Fault-&gt;Alarm Log-&gt;Update</old-name>
          <new-name>Supervision-&gt;Fault-&gt;Alarm Log-&gt;Update</new-name>
        </menu-option>
        <menu-option>
          <old-name>View-&gt;Map Options</old-name>
          <new-name>File-&gt;User Preferences-&gt;Map Options</new-name>
        </menu-option>    
        <menu-option>
          <old-name>inititialize EM/NE</old-name>
          <new-name>initialize EM/NE</new-name>
        </menu-option>        
        <menu-option>
          <old-name>View-&gt;Network Event Log...</old-name>
          <new-name>Network-&gt;Event Log...</new-name>
        </menu-option>
        <menu-option>
          <old-name>View-&gt;Network Event Log-&gt;Request Data with Filter and Sort</old-name>
          <new-name>Network-&gt;Event Log-&gt;Request Data with Filter and Sort</new-name>
        </menu-option>
        <menu-option>
          <old-name>View-&gt;Network Resource Log-&gt;Request Data with Filter and Sort</old-name>
          <new-name>Network-&gt;Resource Log-&gt;Request Data with Filter and Sort</new-name>
        </menu-option>
        <menu-option>
          <old-name>View-&gt;Network Resource Log...</old-name>
          <new-name>Network-&gt;Resource Log...</new-name>
        </menu-option>
        <menu-option>
          <old-name>Configuration-&gt;EM/NE Management</old-name>
          <new-name>Network-&gt;DCN-&gt;Management</new-name>
        </menu-option>
        <menu-option>
          <old-name>View-&gt;EM/NE State Summary</old-name>
          <new-name>Network-&gt;DCN-&gt;State Summary</new-name>
        </menu-option>
        <menu-option>
          <old-name>View-&gt;Find EM/NE</old-name>
          <new-name>Network-&gt;DCN-&gt;Find</new-name>
        </menu-option>
        <menu-option>
          <old-name>Configuration-&gt;Activate</old-name>
          <new-name>Network-&gt;DCN-&gt;Activate NEs</new-name>
        </menu-option>
		<menu-option>
          <old-name>Network-&gt;DCN-&gt;Activate</old-name>
          <new-name>Network-&gt;DCN-&gt;Activate NEs</new-name>
        </menu-option>
        <menu-option>
          <old-name>Configuration-&gt;Copy NE Name into ID Name</old-name>
          <new-name>Network-&gt;DCN-&gt;Copy NE Name into ID Name</new-name>
        </menu-option>
        <menu-option>
          <old-name>Configuration-&gt;Cut (and Paste)</old-name>
          <new-name>Network-&gt;DCN-&gt;Cut (and Paste)</new-name>
        </menu-option>
        <menu-option>
          <old-name>Configuration-&gt;Deactivate</old-name>
          <new-name>Network-&gt;DCN-&gt;Deactivate NEs</new-name>
        </menu-option>
		<menu-option>
          <old-name>Network-&gt;DCN-&gt;Deactivate</old-name>
          <new-name>Network-&gt;DCN-&gt;Deactivate NEs</new-name>
        </menu-option>
        <menu-option>
          <old-name>Configuration-&gt;Delete</old-name>
          <new-name>Network-&gt;DCN-&gt;Delete</new-name>
        </menu-option>
        <menu-option>
          <old-name>Configuration-&gt;Drag NE</old-name>
          <new-name>Network-&gt;DCN-&gt;Drag NE</new-name>
        </menu-option>
        <menu-option>
          <old-name>Configuration-&gt;Duplicate</old-name>
          <new-name>Network-&gt;DCN-&gt;Duplicate</new-name>
        </menu-option>
        <menu-option>
          <old-name>Configuration-&gt;EM Properties</old-name>
          <new-name>Network-&gt;DCN-&gt;EM Properties</new-name>
        </menu-option>
        <menu-option>
          <old-name>Configuration-&gt;Move NE</old-name>
          <new-name>Network-&gt;DCN-&gt;Move NE</new-name>
        </menu-option>
        <menu-option>
          <old-name>Configuration-&gt;New (AS)</old-name>
          <new-name>Network-&gt;DCN-&gt;New (AS)</new-name>
        </menu-option>
        <menu-option>
          <old-name>Configuration-&gt;New (EM)</old-name>
          <new-name>Network-&gt;DCN-&gt;New (EM)</new-name>
        </menu-option>
        <menu-option>
          <old-name>Configuration-&gt;New (NE)</old-name>
          <new-name>Network-&gt;DCN-&gt;New (NE)</new-name>
        </menu-option>
        <menu-option>
          <old-name>Configuration-&gt;Print</old-name>
          <new-name>Network-&gt;DCN-&gt;Print</new-name>
        </menu-option>
        <menu-option>
          <old-name>Configuration-&gt;Properties</old-name>
          <new-name>Network-&gt;DCN-&gt;Properties</new-name>
        </menu-option>
        <menu-option>
          <old-name>Configuration-&gt;Rescan</old-name>
          <new-name>Network-&gt;DCN-&gt;Rescan</new-name>
        </menu-option>
        <menu-option>
          <old-name>Configuration-&gt;Resynchronize Data</old-name>
          <new-name>Network-&gt;DCN-&gt;Resynchronize Data</new-name>
        </menu-option>
        <menu-option>
          <old-name>Configuration-&gt;Save As</old-name>
          <new-name>Network-&gt;DCN-&gt;Save As</new-name>
        </menu-option>
        <menu-option>
          <old-name>Configuration-&gt;Server Properties</old-name>
          <new-name>Network-&gt;DCN-&gt;Server Properties</new-name>
        </menu-option>
        <menu-option>
          <old-name>View-&gt;Topological Tree</old-name>
          <new-name>Network-&gt;Tree</new-name>
        </menu-option>
        <menu-option>
          <old-name>View-&gt;Network Map</old-name>
          <new-name>Network-&gt;Map</new-name>
        </menu-option>
        <menu-option>
          <old-name>View-&gt;Physical Trail</old-name>
          <new-name>Network-&gt;Physical Trail</new-name>
        </menu-option>
        <menu-option>
          <old-name>Configuration-&gt;Physical Trail Management</old-name>
          <new-name>Network-&gt;Physical Trail Management</new-name>
        </menu-option>
        <menu-option>
          <old-name>Configuration-&gt;NE Software Management-&gt;Details</old-name>
          <new-name>Network-&gt;NE-&gt;Software-&gt;Details</new-name>
        </menu-option>
        <menu-option>
          <old-name>Configuration-&gt;NE Software Management-&gt;File and Download Management</old-name>
          <new-name>Network-&gt;NE-&gt;Software-&gt;File and Download Management</new-name>
        </menu-option>
        <menu-option>
          <old-name>Configuration-&gt;NE Software Management-&gt;Switch and Reboot Management</old-name>
          <new-name>Network-&gt;NE-&gt;Software-&gt;Switch and Reboot Management</new-name>
        </menu-option>
        <menu-option>
          <old-name>Configuration-&gt;Scheduled NE MIB Upload</old-name>
          <new-name>Network-&gt;NE-&gt;Configuration Backup-&gt;Schedule Management</new-name>
        </menu-option>
        <menu-option>
          <old-name>Optical Management-&gt;Path-&gt;Unmanage Path</old-name>
          <new-name>Optical Management-&gt;Path-&gt;Unmanage TNMS Path</new-name>
        </menu-option>
        <menu-option>
          <old-name>Optical Management-&gt;Path-&gt;Delete Path</old-name>
          <new-name>Optical Management-&gt;Path-&gt;Delete TNMS Path</new-name>
        </menu-option>
		<menu-option>
          <old-name>Optical Management-&gt;Path-&gt;Cancel Reroute Request</old-name>
          <new-name>Optical Management-&gt;Path-&gt;Reroute Abort Request</new-name>
        </menu-option>
		<menu-option>
          <old-name>Performance-&gt;Modify 15-minute Log...</old-name>
          <new-name>Supervision-&gt;Performance-&gt;Modify 15-minute Log...</new-name>
        </menu-option>
		<menu-option>
          <old-name>Performance-&gt;Modify 15-minute Log-&gt;OK</old-name>
          <new-name>Supervision-&gt;Performance-&gt;Modify 15-minute Log-&gt;OK</new-name>
        </menu-option>
		<menu-option>
          <old-name>Performance-&gt;15-minute Log...</old-name>
          <new-name>Supervision-&gt;Performance-&gt;15-minute Log...</new-name>
        </menu-option>
		<menu-option>
          <old-name>Performance-&gt;24-hour Log...</old-name>
          <new-name>Supervision-&gt;Performance-&gt;24-hour Log...</new-name>
        </menu-option>
		<menu-option>
          <old-name>Performance-&gt;Modify 24-hour Log...</old-name>
          <new-name>Supervision-&gt;Performance-&gt;Modify 24-hour Log...</new-name>
        </menu-option>
		<menu-option>
          <old-name>Performance-&gt;Modify 24-hour Log-&gt;OK</old-name>
          <new-name>Supervision-&gt;Performance-&gt;Modify 24-hour Log-&gt;OK</new-name>
        </menu-option>
		<menu-option>
          <old-name>View-&gt;Log List-&gt;15-minute Performance Log Export</old-name>
          <new-name>Administration-&gt;Log List-&gt;15-minute Performance Log Export</new-name>
        </menu-option>
		<menu-option>
          <old-name>View-&gt;Log List-&gt;24-hour Performance Log Export</old-name>
          <new-name>Administration-&gt;Log List-&gt;24-hour Performance Log Export</new-name>
        </menu-option>
		<menu-option>
          <old-name>Performance-&gt;15-minute Manual upload</old-name>
          <new-name>Supervision-&gt;Performance-&gt;15-minute Manual upload</new-name>
        </menu-option>
		<menu-option>
          <old-name>Performance-&gt;24-hour Manual upload</old-name>
          <new-name>Supervision-&gt;Performance-&gt;24-hour Manual upload</new-name>
        </menu-option>
		<menu-option>
          <old-name>Optical Link Management-&gt;Alarm List-&gt;Open Affected Equipment List</old-name>
          <new-name>Optical Management-&gt;Alarm List-&gt;Open Affected Equipment List</new-name>
        </menu-option>
		<menu-option>
          <old-name>Optical Link Management-&gt;Path-&gt;Unmanage TC Path</old-name>
          <new-name>Optical Management-&gt;Path-&gt;Unmanage TC Path</new-name>
        </menu-option>
		<menu-option>
          <old-name>Optical Link Management-&gt;Network Scan-&gt;Scan Network</old-name>
          <new-name>Optical Management-&gt;Network Scan-&gt;Scan Network</new-name>
        </menu-option>
		<menu-option>
          <old-name>Optical Link Management-&gt;Path-&gt;Modify Path Attributes</old-name>
          <new-name>Optical Management-&gt;Path-&gt;Modify Path Attributes</new-name>
        </menu-option>
		<menu-option>
          <old-name>Optical Link Management-&gt;Network Scan Settings-&gt;Change Scan Mode</old-name>
          <new-name>Optical Management-&gt;OM Settings-&gt;Change Scan Mode</new-name>
        </menu-option>
		<menu-option>
          <old-name>Optical Link Management-&gt;Path-&gt;View Path History</old-name>
          <new-name>Optical Management-&gt;Path-&gt;View Path History</new-name>
        </menu-option>
		<menu-option>
          <old-name>Optical Link Management-&gt;Path-&gt;Activate Path</old-name>
          <new-name>Optical Management-&gt;Path-&gt;Activate Path</new-name>
        </menu-option>
		<menu-option>
          <old-name>Optical Link Management-&gt;Path-&gt;Modify Path</old-name>
          <new-name>Optical Management-&gt;Path-&gt;Modify Path</new-name>
        </menu-option>
		<menu-option>
          <old-name>Optical Link Management-&gt;Path-&gt;Deactivate Path</old-name>
          <new-name>Optical Management-&gt;Path-&gt;Deactivate Path</new-name>
        </menu-option>
		<menu-option>
          <old-name>Optical Link Management-&gt;Network Scan-&gt;Configure Scheduler</old-name>
          <new-name>Optical Management-&gt;Network Scan-&gt;Configure Scheduler</new-name>
        </menu-option>
		<menu-option>
          <old-name>Optical Link Management-&gt;Alarm List-&gt;Affected Equipment List-&gt;Modify Administrative State</old-name>
          <new-name>Optical Management-&gt;Alarm List-&gt;Affected Equipment List-&gt;Modify Administrative State</new-name>
        </menu-option>
		<menu-option>
          <old-name>Optical Link Management-&gt;Path-&gt;Cancel Reroute Request</old-name>
          <new-name>Optical Management-&gt;Path-&gt;Reroute Abort Request</new-name>
        </menu-option>
		<menu-option>
          <old-name>Optical Link Management-&gt;Path-&gt;Provision Reroute</old-name>
          <new-name>Optical Management-&gt;Path-&gt;Provision Reroute</new-name>
        </menu-option>
		<menu-option>
          <old-name>Optical Link Management-&gt;Path-&gt;Delete TNMS Path</old-name>
          <new-name>Optical Management-&gt;Path-&gt;Delete TNMS Path</new-name>
        </menu-option>
		<menu-option>
          <old-name>Optical Link Management-&gt;Path-&gt;Create Path</old-name>
          <new-name>Optical Management-&gt;Path-&gt;Create Path</new-name>
        </menu-option>
		<menu-option>
          <old-name>Optical Link Management-&gt;Path-&gt;Delete TC Path</old-name>
          <new-name>Optical Management-&gt;Path-&gt;Delete TC Path</new-name>
        </menu-option>
		<menu-option>
          <old-name>Optical Link Management-&gt;Path-&gt;Manage Path</old-name>
          <new-name>Optical Management-&gt;Path-&gt;Manage Path</new-name>
        </menu-option>
		<menu-option>
          <old-name>Optical Link Management-&gt;Path-&gt;Unmanage TNMS Path</old-name>
          <new-name>Optical Management-&gt;Path-&gt;Unmanage TNMS Path</new-name>
        </menu-option>
		<menu-option>
          <old-name>Optical Link Management-&gt;Path-&gt;Reroute Request</old-name>
          <new-name>Optical Management-&gt;Path-&gt;Reroute Request</new-name>
        </menu-option>
		<menu-option>
          <old-name>Network Wide Inventory</old-name>
          <new-name>Network-&gt;Inventory</new-name>
        </menu-option>
		<menu-option>
          <old-name>Configuration-&gt;NE MIB BackUp-&gt;Manual</old-name>
          <new-name>Network-&gt;NE-&gt;Configuration Backup-&gt;Manual</new-name>
        </menu-option>
		<menu-option>
          <old-name>Configuration-&gt;NE MIB BackUp-&gt;Scheduled</old-name>
          <new-name>Network-&gt;NE-&gt;Configuration Backup-&gt;Schedule Management</new-name>
        </menu-option>
		<menu-option>
          <old-name>Configuration-&gt;Browse MIB Files</old-name>
          <new-name>Network-&gt;NE-&gt;Configuration Backup-&gt;Browse Configuration Files</new-name>
        </menu-option>
		<menu-option>
          <old-name>Configuration-&gt;NE Software Management-&gt;SwapHistory...</old-name>
          <new-name>Network-&gt;NE-&gt;Software-&gt;Swap History</new-name>
        </menu-option>
		<menu-option>
          <old-name>Configuration-&gt;NE Software Management-&gt;Swap and Activate Management</old-name>
          <new-name>Network-&gt;NE-&gt;Software-&gt;Switch and Reboot Management</new-name>
        </menu-option>
		<menu-option>
          <old-name>Configuration-&gt;Browse Inventory List</old-name>
          <new-name>Network-&gt;NE-&gt;Upload Inventory-&gt;Browse Inventory Files</new-name>
        </menu-option>
		<menu-option>
          <old-name>Configuration-&gt;Backup NE Inventory List-&gt;Manual</old-name>
          <new-name>Network-&gt;NE-&gt;Upload Inventory-&gt;Manual</new-name>
        </menu-option>
		<menu-option>
          <old-name>Configuration-&gt;Backup NE Inventory List-&gt;Scheduled</old-name>
          <new-name>Network-&gt;NE-&gt;Upload Inventory-&gt;Scheduled</new-name>
        </menu-option>
		<menu-option>
          <old-name>System_Administration-&gt;Operational_State</old-name>
          <new-name>Administration-&gt;System-&gt;Operational State</new-name>
        </menu-option>
		<menu-option>
          <old-name>System_Administration-&gt;Notifications</old-name>
          <new-name>Administration-&gt;System-&gt;Notifications</new-name>
        </menu-option>
		<menu-option>
          <old-name>System_Administration-&gt;Log_Retrieval</old-name>
          <new-name>Administration-&gt;System-&gt;Log Retrieval</new-name>
        </menu-option>	
		<menu-option>
          <old-name>System_Administration-&gt;Debug_Settings</old-name>
          <new-name>Administration-&gt;System-&gt;Debug Settings</new-name>
        </menu-option>	
		<menu-option>
          <old-name>System_Administration-&gt;Scaled_Syncronization</old-name>
          <new-name>Administration-&gt;System Preferences-&gt;Scaled Syncronization</new-name>
        </menu-option>
		<menu-option>
          <old-name>Optical Link Management-&gt;Path-&gt;Open Path List</old-name>
		 <new-name>Optical Management-&gt;Path-&gt;Open Path Management</new-name>
        </menu-option>
		<menu-option>
          <old-name>Optical Link Management-&gt;Path-&gt;Restore Disaster Recovery</old-name>
		<new-name>Optical Management-&gt;Path-&gt;Solve Inconsistency</new-name>
        </menu-option>
		<menu-option>
          <old-name>Fault-&gt;Alarm Severity Profile Management-&gt;Assigned Profile</old-name>
		<new-name>Supervision-&gt;Fault-&gt;Alarm Severity Profile Management-&gt;Assigned Profile</new-name>
        </menu-option>
		<menu-option>
          <old-name>Fault-&gt;Alarm Severity Profile Management-&gt;Profile Administration</old-name>
		<new-name>Supervision-&gt;Fault-&gt;Alarm Severity Profile Management-&gt;Profile Administration</new-name>
        </menu-option>
		<menu-option>
          <old-name>ASON-&gt;Dialogs/Windows-&gt;Update Window</old-name>
		<new-name>ASON-&gt;Update Window</new-name>
        </menu-option>
		<menu-option>
          <old-name>ASON-&gt;Dialogs/Windows-&gt;Filter and Sort...</old-name>
		<new-name>ASON-&gt;Filter and Sort</new-name>
        </menu-option>		
		<menu-option>
          <old-name>ASON-&gt;Dialogs/Windows-&gt;Remove All Filters</old-name>
		<new-name>ASON-&gt;Remove All Filters</new-name>
        </menu-option>		
		<menu-option>
          <old-name>ASON-&gt;Dialogs/Windows-&gt;Remove Filter</old-name>
		<new-name>ASON-&gt;Remove Filter</new-name>
        </menu-option>		
		<menu-option>
          <old-name>ASON-&gt;Menus-&gt;Configuration-&gt;TE-Link-&gt;Management...</old-name>
		<new-name>ASON-&gt;TE-Link-&gt;Management</new-name>
        </menu-option>		
		<menu-option>
          <old-name>ASON-&gt;Menus-&gt;Configuration-&gt;TE-Link-&gt;Auto Link Detection...</old-name>
		<new-name>ASON-&gt;TE-Link-&gt;Auto Link Detection</new-name>
        </menu-option>		
		<menu-option>
          <old-name>ASON-&gt;Menus-&gt;Configuration-&gt;TE-Link-&gt;Synchronize Network</old-name>
		<new-name>ASON-&gt;TE-Link-&gt;Synchronize Network</new-name>
        </menu-option>		
		<menu-option>
          <old-name>ASON-&gt;Dialogs/Windows-&gt;TE-Link Management-&gt;New...</old-name>
		<new-name>ASON-&gt;TE-Link-&gt;New</new-name>
        </menu-option>		
		<menu-option>
          <old-name>ASON-&gt;Dialogs/Windows-&gt;TE-Link Management-&gt;Activate</old-name>
		<new-name>ASON-&gt;TE-Link-&gt;Activate</new-name>
        </menu-option>
		<menu-option>
          <old-name>ASON-&gt;Dialogs/Windows-&gt;TE-Link Management-&gt;Deactivate</old-name>
		<new-name>ASON-&gt;TE-Link-&gt;Deactivate</new-name>
        </menu-option>		
		<menu-option>
          <old-name>ASON-&gt;Dialogs/Windows-&gt;TE-Link Management-&gt;Modify</old-name>
		<new-name>ASON-&gt;TE-Link-&gt;Modify</new-name>
        </menu-option>		
		<menu-option>
          <old-name>ASON-&gt;Dialogs/Windows-&gt;TE-Link Management-&gt;Details</old-name>
		<new-name>ASON-&gt;TE-Link-&gt;Details</new-name>
        </menu-option>		
		<menu-option>
          <old-name>ASON-&gt;Dialogs/Windows-&gt;TE-Link Management-&gt;Delete</old-name>
		<new-name>ASON-&gt;TE-Link-&gt;Delete</new-name>
        </menu-option>		
		<menu-option>
          <old-name>ASON-&gt;Dialogs/Windows-&gt;TE-Link Management-&gt;Administrative State-&gt;Enable</old-name>
		<new-name>ASON-&gt;TE-Link-&gt;Administrative State-&gt;Enable</new-name>
        </menu-option>		
		<menu-option>
          <old-name>ASON-&gt;Dialogs/Windows-&gt;TE-Link Management-&gt;Administrative State-&gt;Disable</old-name>
		<new-name>ASON-&gt;TE-Link-&gt;Administrative State-&gt;Disable</new-name>
        </menu-option>		
		<menu-option>
          <old-name>ASON-&gt;Dialogs/Windows-&gt;TE-Link Management-&gt;List Calls By TE-Link</old-name>
		<new-name>ASON-&gt;TE-Link-&gt;List Calls</new-name>
        </menu-option>		
		<menu-option>
          <old-name>ASON-&gt;Dialogs/Windows-&gt;TE-Link Management-&gt;List LSPs By TE-Link</old-name>
		<new-name>ASON-&gt;TE-Link-&gt;List LSPs</new-name>
        </menu-option>		
		<menu-option>
          <old-name>ASON-&gt;Dialogs/Windows-&gt;TE-Link Management-&gt;Synchronize</old-name>
		<new-name>ASON-&gt;TE-Link-&gt;Synchronize</new-name>
        </menu-option>		
		<menu-option>
          <old-name>ASON-&gt;Dialogs/Windows-&gt;TE-Link Management-&gt;Synchronize NEs TE-Links</old-name>
		<new-name>ASON-&gt;TE-Link-&gt;Synchronize NEs</new-name>
        </menu-option>		
		<menu-option>
          <old-name>ASON-&gt;Menus-&gt;Configuration-&gt;Call-&gt;Management...</old-name>
		<new-name>ASON-&gt;Call-&gt;Management</new-name>
        </menu-option>		
		<menu-option>
          <old-name>ASON-&gt;Menus-&gt;Configuration-&gt;Call-&gt;External Switch Request...</old-name>
		<new-name>ASON-&gt;Call-&gt;External Switch Request</new-name>
        </menu-option>		
		<menu-option>
          <old-name>ASON-&gt;Dialogs/Windows-&gt;Call Management-&gt;New...</old-name>
		<new-name>ASON-&gt;Call-&gt;New</new-name>
        </menu-option>		
		<menu-option>
          <old-name>ASON-&gt;Dialogs/Windows-&gt;Call Management-&gt;Duplicate</old-name>
		<new-name>ASON-&gt;Call-&gt;Duplicate</new-name>
        </menu-option>		
		<menu-option>
          <old-name>ASON-&gt;Dialogs/Windows-&gt;Call Management-&gt;Activate</old-name>
		<new-name>ASON-&gt;Call-&gt;Activate</new-name>
        </menu-option>		
		<menu-option>
          <old-name>ASON-&gt;Dialogs/Windows-&gt;Call Management-&gt;Deactivate</old-name>
		<new-name>ASON-&gt;Call-&gt;Deactivate</new-name>
        </menu-option>		
		<menu-option>
          <old-name>ASON-&gt;Dialogs/Windows-&gt;Call Management-&gt;Modify</old-name>
		<new-name>ASON-&gt;Call-&gt;Modify</new-name>
        </menu-option>		
		<menu-option>
          <old-name>ASON-&gt;Dialogs/Windows-&gt;Call Management-&gt;Details</old-name>
		<new-name>ASON-&gt;Call-&gt;Details</new-name>
        </menu-option>
		<menu-option>
          <old-name>ASON-&gt;Dialogs/Windows-&gt;Call Management-&gt;Delete</old-name>
		<new-name>ASON-&gt;Call-&gt;Delete</new-name>
        </menu-option>
		<menu-option>
          <old-name>ASON-&gt;Dialogs/Windows-&gt;Call Management-&gt;Administrative State-&gt;Enable</old-name>
		<new-name>ASON-&gt;Call-&gt;Administrative State-&gt;Enable</new-name>
        </menu-option>
		<menu-option>
          <old-name>ASON-&gt;Dialogs/Windows-&gt;Call Management-&gt;Administrative State-&gt;Disable</old-name>
		<new-name>ASON-&gt;Call-&gt;Administrative State-&gt;Disable</new-name>
        </menu-option>
		<menu-option>
          <old-name>ASON-&gt;Dialogs/Windows-&gt;Call Management-&gt;Viewer</old-name>
		<new-name>ASON-&gt;Call-&gt;Route Path</new-name>
        </menu-option>
		<menu-option>
          <old-name>ASON-&gt;Menus-&gt;Configuration-&gt;Call-&gt;Event Log</old-name>
		<new-name>ASON-&gt;Call-&gt;Event Log-&gt;Management</new-name>
        </menu-option>
		<menu-option>
          <old-name>ASON-&gt;Dialogs/Windows-&gt;Call Management-&gt;Call Event Log-&gt;Details</old-name>
		<new-name>ASON-&gt;Call-&gt;Event Log-&gt;Details</new-name>
        </menu-option>
		<menu-option>
          <old-name>ASON-&gt;Menus-&gt;Configuration-&gt;Call-&gt;Event Log maximum events per call...</old-name>
		<new-name>ASON-&gt;Call-&gt;Event Log-&gt;Maximum events per call</new-name>
        </menu-option>
		<menu-option>
          <old-name>ASON-&gt;Menus-&gt;Configuration-&gt;NE-&gt;Management...</old-name>
		<new-name>ASON-&gt;NE-&gt;Management</new-name>
        </menu-option>
		<menu-option>
          <old-name>ASON-&gt;Menus-&gt;Configuration-&gt;NE-&gt;Preemption Configuration</old-name>
		<new-name>ASON-&gt;NE-&gt;Preemption Configuration</new-name>
        </menu-option>
		<menu-option>
          <old-name>ASON-&gt;Menus-&gt;Configuration-&gt;Component Link-&gt;Management...</old-name>
		<new-name>ASON-&gt;Component Link-&gt;Management</new-name>
        </menu-option>
		<menu-option>
          <old-name>ASON-&gt;Dialogs/Windows-&gt;Component Link Management-&gt;New...</old-name>
		<new-name>ASON-&gt;Component Link-&gt;New</new-name>
        </menu-option>
		<menu-option>
          <old-name>ASON-&gt;Dialogs/Windows-&gt;Component Link Management-&gt;Activate</old-name>
		<new-name>ASON-&gt;Component Link-&gt;Activate</new-name>
        </menu-option>
		<menu-option>
          <old-name>ASON-&gt;Dialogs/Windows-&gt;Component Link Management-&gt;Deactivate</old-name>
		<new-name>ASON-&gt;Component Link-&gt;Deactivate</new-name>
        </menu-option>
		<menu-option>
          <old-name>ASON-&gt;Dialogs/Windows-&gt;Component Link Management-&gt;Details</old-name>
		<new-name>ASON-&gt;Component Link-&gt;Details</new-name>
        </menu-option>
		<menu-option>
          <old-name>ASON-&gt;Dialogs/Windows-&gt;Component Link Management-&gt;Delete</old-name>
		<new-name>ASON-&gt;Component Link-&gt;Delete</new-name>
        </menu-option>
		<menu-option>
          <old-name>ASON-&gt;Menus-&gt;Configuration-&gt;Component Link-&gt;Auto Link Detection...</old-name>
		<new-name>ASON-&gt;Component Link-&gt;Auto Link Detection</new-name>
        </menu-option>
		<menu-option>
          <old-name>ASON-&gt;Dialogs/Windows-&gt;Component Link Management-&gt;Administrative State-&gt;Enable</old-name>
		<new-name>ASON-&gt;Component Link-&gt;Administrative State-&gt;Enable</new-name>
        </menu-option>
		<menu-option>
          <old-name>ASON-&gt;Dialogs/Windows-&gt;Component Link Management-&gt;Administrative State-&gt;Disable</old-name>
		<new-name>ASON-&gt;Component Link-&gt;Administrative State-&gt;Disable</new-name>
        </menu-option>
		<menu-option>
          <old-name>ASON-&gt;Menus-&gt;Configuration-&gt;LSP-&gt;Management...</old-name>
		<new-name>ASON-&gt;LSP-&gt;Management</new-name>
        </menu-option>
		<menu-option>
          <old-name>ASON-&gt;Dialogs/Windows-&gt;LSP Management-&gt;Relocate</old-name>
		<new-name>ASON-&gt;LSP-&gt;Relocate</new-name>
        </menu-option>
		<menu-option>
          <old-name>ASON-&gt;Dialogs/Windows-&gt;LSP Management-&gt;Details</old-name>
		<new-name>ASON-&gt;LSP-&gt;Details</new-name>
        </menu-option>
		<menu-option>
          <old-name>ASON-&gt;Menus-&gt;Configuration-&gt;LSP-&gt;Resource Usage...</old-name>
		<new-name>ASON-&gt;LSP-&gt;Resource Usage-&gt;Management</new-name>
        </menu-option>
		<menu-option>
          <old-name>ASON-&gt;Dialogs/Windows-&gt;Resource Usage Management-&gt;Details</old-name>
		<new-name>ASON-&gt;LSP-&gt;Resource Usage-&gt;Details</new-name>
        </menu-option>
		<menu-option>
          <old-name>ASON-&gt;Menus-&gt;Configuration-&gt;Logical Map</old-name>
		<new-name>ASON-&gt;Logical Map-&gt;View</new-name>
        </menu-option>
		<menu-option>
          <old-name>ASON-&gt;Dialogs/Windows-&gt;Logical Map-&gt;Highlight NE</old-name>
		<new-name>ASON-&gt;Logical Map-&gt;Highlight NE</new-name>
        </menu-option>
		<menu-option>
          <old-name>ASON-&gt;Dialogs/Windows-&gt;Logical Map-&gt;Highlight Call</old-name>
		<new-name>ASON-&gt;Logical Map-&gt;Highlight Call</new-name>
        </menu-option>
		<menu-option>
          <old-name>ASON-&gt;Dialogs/Windows-&gt;Logical Map-&gt;Highlight LSP</old-name>
		<new-name>ASON-&gt;Logical Map-&gt;Highlight LSP</new-name>
        </menu-option>
		<menu-option>
          <old-name>ASON-&gt;Dialogs/Windows-&gt;TE-Link Management-&gt;Highlight TE-Link</old-name>
		<new-name>ASON-&gt;Logical Map-&gt;Highlight TE-Link</new-name>
        </menu-option>
		<menu-option>
          <old-name>ASON-&gt;Dialogs/Windows-&gt;TE-Link Management-&gt;Highlight SRLGs</old-name>
		<new-name>ASON-&gt;Logical Map-&gt;Highlight TE-Link SRLG</new-name>
        </menu-option>
		<menu-option>
          <old-name>ASON-&gt;Dialogs/Windows-&gt;TE-Link Management-&gt;Highlight Metrics</old-name>
		<new-name>ASON-&gt;Logical Map-&gt;Highlight TE-Link Metric</new-name>
        </menu-option>
		<menu-option>
          <old-name>ASON-&gt;Dialogs/Windows-&gt;Component Link Management-&gt;Highlight Component Link</old-name>
		<new-name>ASON-&gt;Logical Map-&gt;Highlight Component Link</new-name>
        </menu-option>
		<menu-option>
          <old-name>ASON-&gt;Dialogs/Windows-&gt;Logical Map-&gt;Unhighlight</old-name>
		<new-name>ASON-&gt;Logical Map-&gt;Unhighlight</new-name>
        </menu-option>
		<menu-option>
          <old-name>ASON-&gt;Menus-&gt;Configuration-&gt;Browser</old-name>
		<new-name>ASON-&gt;Browser</new-name>
        </menu-option>
		<menu-option>
          <old-name>ASON-&gt;Dialogs/Windows-&gt;Port Management-&gt;Details</old-name>
		<new-name>ASON-&gt;Port-&gt;Details</new-name>
        </menu-option>
		<menu-option>
          <old-name>ASON-&gt;Dialogs/Windows-&gt;Port Management-&gt;Modify</old-name>
		<new-name>ASON-&gt;Port-&gt;Modify</new-name>
        </menu-option>
		<menu-option>
          <old-name>ASON-&gt;Dialogs/Windows-&gt;Port Management-&gt;OSNR Metric...</old-name>
		<new-name>ASON-&gt;Port-&gt;OSNR Metric</new-name>
        </menu-option>
		<menu-option>
          <old-name>ASON-&gt;Dialogs/Windows-&gt;Reserve</old-name>
		<new-name>ASON-&gt;Termination Point-&gt;Reserve</new-name>
        </menu-option>
		<menu-option>
          <old-name>ASON-&gt;Dialogs/Windows-&gt;Unreserve</old-name>
		<new-name>ASON-&gt;Termination Point-&gt;Unreserve</new-name>
        </menu-option>
		<menu-option>
          <old-name>ASON-&gt;Options-&gt;General Settings</old-name>
		<new-name>File-&gt;User Preferences-&gt;ASON</new-name>
        </menu-option>
		<menu-option>
          <old-name>Ethernet-&gt;Dialogs/Windows-&gt;Clear Filter</old-name>
		<new-name>Ethernet-&gt;Clear Filter</new-name>
        </menu-option>
		<menu-option>
          <old-name>Ethernet-&gt;Dialogs/Windows-&gt;Filter and Sort</old-name>
		<new-name>Ethernet-&gt;Filter and Sort</new-name>
        </menu-option>
		<menu-option>
          <old-name>Ethernet-&gt;Dialogs/Windows-&gt;Update Window</old-name>
		<new-name>Ethernet-&gt;Update Window</new-name>
        </menu-option>
		<menu-option>
          <old-name>Ethernet-&gt;Dialogs/Windows-&gt;Service Management-&gt;Adopt</old-name>
		<new-name>Ethernet-&gt;Service-&gt;Adopt</new-name>
        </menu-option>
		<menu-option>
          <old-name>Ethernet-&gt;Dialogs/Windows-&gt;Service Management-&gt;Alarm List</old-name>
		<new-name>Ethernet-&gt;Service-&gt;Alarm List</new-name>
        </menu-option>
		<menu-option>
          <old-name>Ethernet-&gt;Dialogs/Windows-&gt;Service Management-&gt;Delete</old-name>
		<new-name>Ethernet-&gt;Service-&gt;Delete</new-name>
        </menu-option>
		<menu-option>
          <old-name>Ethernet-&gt;Dialogs/Windows-&gt;Service Management-&gt;Details</old-name>
		<new-name>Ethernet-&gt;Service-&gt;Details</new-name>
        </menu-option>
		<menu-option>
          <old-name>Ethernet-&gt;Dialogs/Windows-&gt;Service Management-&gt;Manage</old-name>
		<new-name>Ethernet-&gt;Service-&gt;Manage</new-name>
        </menu-option>
		<menu-option>
          <old-name>Ethernet-&gt;Dialogs/Windows-&gt;Service Management-&gt;New</old-name>
		<new-name>Ethernet-&gt;Service-&gt;New</new-name>
        </menu-option>
		<menu-option>
          <old-name>Ethernet-&gt;Dialogs/Windows-&gt;Service Management-&gt;Modify</old-name>
		<new-name>Ethernet-&gt;Service-&gt;Modify</new-name>
        </menu-option>
		<menu-option>
          <old-name>Ethernet-&gt;Dialogs/Windows-&gt;Service Management-&gt;Unmanage</old-name>
		<new-name>Ethernet-&gt;Service-&gt;Unmanage</new-name>
        </menu-option>
		 <menu-option>
          <old-name>Ethernet-&gt;Menus-&gt;Configuration-&gt;Service Discovery</old-name>
		<new-name>Ethernet-&gt;Service-&gt;Discovery</new-name>
        </menu-option>
		<menu-option>
          <old-name>Ethernet-&gt;Menus-&gt;Configuration-&gt;Service Management</old-name>
		<new-name>Ethernet-&gt;Service-&gt;Management</new-name>
        </menu-option>
		<menu-option>
			<old-name>ASON-&gt;Component Link Management-&gt;Details</old-name>
			<new-name>ASON-&gt;Component Link-&gt;Details</new-name>
		</menu-option>
		<menu-option>
			<old-name>ASON-&gt;Component Link Management-&gt;Administrative State-&gt;Disable</old-name>
			<new-name>ASON-&gt;Component Link-&gt;Administrative State-&gt;Disable</new-name>
		</menu-option>
		<menu-option>
			<old-name>ASON-&gt;Component Link Management-&gt;Administrative State-&gt;Enable</old-name>
			<new-name>ASON-&gt;Component Link-&gt;Administrative State-&gt;Enable</new-name>
		</menu-option>
		<menu-option>
			<old-name>ASON-&gt;Component Link Management-&gt;Deactivate</old-name>
			<new-name>ASON-&gt;Component Link-&gt;Deactivate</new-name>
		</menu-option>
		<menu-option>
			<old-name>ASON-&gt;Component Link Management-&gt;Activate</old-name>
			<new-name>ASON-&gt;Component Link-&gt;Activate</new-name>
		</menu-option>
		<menu-option>
			<old-name>ASON-&gt;Component Link Management-&gt;Delete</old-name>
			<new-name>ASON-&gt;Component Link-&gt;Delete</new-name>
		</menu-option>
		<menu-option>
			<old-name>ASON-&gt;Component Link Management-&gt;New</old-name>
			<new-name>ASON-&gt;Component Link-&gt;New</new-name>
		</menu-option>
		<menu-option>
			<old-name>ASON-&gt;Filter and Sort...</old-name>
			<new-name>ASON-&gt;Filter and Sort</new-name>
		</menu-option>
		<menu-option>
			<old-name>ASON-&gt;Port Management-&gt;Details</old-name>
			<new-name>ASON-&gt;Port-&gt;Details</new-name>
		</menu-option>
		<menu-option>
			<old-name>ASON-&gt;Port Management-&gt;Modify</old-name>
			<new-name>ASON-&gt;Port-&gt;Modify</new-name>
		</menu-option>
		<menu-option>
			<old-name>ASON-&gt;Call-&gt;Management...</old-name>
			<new-name>ASON-&gt;Call-&gt;Management</new-name>
		</menu-option>
		<menu-option>
			<old-name>ASON-&gt;LSP-&gt;Management...</old-name>
			<new-name>ASON-&gt;LSP-&gt;Management</new-name>
		</menu-option>
		<menu-option>
			<old-name>ASON-&gt;TE-Link-&gt;Management...</old-name>
			<new-name>ASON-&gt;TE-Link-&gt;Management</new-name>
		</menu-option>
		<menu-option>
			<old-name>ASON-&gt;Port Management-&gt;OSNR Metric...</old-name>
			<new-name>ASON-&gt;Port-&gt;OSNR Metric</new-name>
		</menu-option>
		<menu-option>
			<old-name>ASON-&gt;TE-Link-&gt;Auto Link Detection...</old-name>
			<new-name>ASON-&gt;TE-Link-&gt;Auto Link Detection</new-name>
		</menu-option>
		<menu-option>
			<old-name>ASON-&gt;Port-&gt;OSNR Metric...</old-name>
			<new-name>ASON-&gt;Port-&gt;OSNR Metric</new-name>
		</menu-option>
		<menu-option>
			<old-name>Supervision-&gt;Performance-&gt;PMP modify</old-name>
			<new-name>Supervision-&gt;Performance-&gt;PMP modify...</new-name>
		</menu-option>
		<menu-option>
			<old-name>Configuration-&gt;Common Service List...</old-name>
			<new-name>Configuration-&gt;Subscribers and Services...</new-name>
		</menu-option>
		<menu-option>
			<old-name>Configuration-&gt;Common Service List</old-name>
			<new-name>Configuration-&gt;Subscribers and Services...</new-name>
		</menu-option>
		<menu-option>
			<old-name>Configuration-&gt;Common Service List-&gt;Create</old-name>
			<new-name>Configuration-&gt;Subscribers and Services-&gt;Create</new-name>
		</menu-option>
		<menu-option>
			<old-name>Configuration-&gt;Common Service List-&gt;Modify</old-name>
			<new-name>Configuration-&gt;Subscribers and Services-&gt;Modify</new-name>
		</menu-option>
		<menu-option>
			<old-name>Configuration-&gt;Common Service List-&gt;Delete</old-name>
			<new-name>Configuration-&gt;Subscribers and Services-&gt;Delete</new-name>
		</menu-option>
		<menu-option>
			<old-name>Configuration-&gt;Common Service List-&gt;Tree Management</old-name>
			<new-name>Configuration-&gt;Subscribers and Services-&gt;Tree Management</new-name>
		</menu-option>
		<menu-option>
			<old-name>Administration-&gt;Scheduled Import from Core-&gt;History</old-name>
			<new-name>Administration-&gt;Import From Core-&gt;History</new-name>
		</menu-option>
		<menu-option>
			<old-name>Administration-&gt;Scheduled Import from Core-&gt;Configure</old-name>
			<new-name>Administration-&gt;Import From Core-&gt;Scheduled DCN</new-name>
		</menu-option>
      </replace>
      <remove>
        <name>Configuration-&gt;Topological Profile Management</name>
        <name>Fault-&gt;Alarm Colors-&gt;OK</name>
        <name>Fault-&gt;Alarm Forwarding-&gt;OK</name>
        <name>Fault-&gt;Toggle Filter-&gt;OK</name>
        <name>Topology Management-&gt;Export-&gt;Topological User Profile</name>
        <name>Topology Management-&gt;Import-&gt;Topological User Profile</name>
        <name>Topology Management-&gt;User Profile-&gt;Delete</name>
        <name>Topology Management-&gt;User Profile-&gt;Modify</name>
        <name>Topology Management-&gt;User Profile-&gt;New</name>
        <name>Configuration-&gt;ALD Manual Configuration</name>
        <name>Configuration-&gt;ALD Scheduled Configuration</name>
        <name>Object Context Menu-&gt;Web Diagnostic</name>
        <name>Configuration...</name>
        <name>Configuration-&gt;getDebugLevel</name>
        <name>Configuration-&gt;setDebugLevel</name>
        <name>Optical Management-&gt;Path-&gt;Client Path Management</name>
        <name>Optical Management-&gt;Path-&gt;Routing Options</name>
        <name>Optical Management-&gt;Path-&gt;Server Path Management</name>
        <name>ASON-&gt;Dialogs/Windows-&gt;Activation Feedback Management-&gt;Acknowledge</name>
        <name>ASON-&gt;Dialogs/Windows-&gt;Activation Feedback Management-&gt;Delete</name>
        <name>ASON-&gt;Dialogs/Windows-&gt;Activation Feedback Management-&gt;Unacknowledge</name>
        <name>ASON-&gt;Menus-&gt;View-&gt;Activation Feedback...</name>
        <name>ASON-&gt;Menus-&gt;Configuration-&gt;Call-&gt;Event Log-&gt;Maximum Events per Call...</name>
		<name>Security-&gt;Security Settings...</name>
		<name>Configuration...</name>
		<name>Configuration-&gt;getDebugLevel</name>
		<name>Configuration-&gt;setDebugLevel</name>
		<name>Security-&gt;Security Settings-&gt;Apply</name>
		<name>Optical Link Management-&gt;Path-&gt;Server Path List</name>
		<name>Optical Link Management-&gt;Path-&gt;Adopt Actual Route</name>
		<name>Optical Link Management-&gt;Path-&gt;Client Path List</name>
		<name>Optical Link Management-&gt;Path-&gt;Routing Options</name>
		<name>Optical Link Management-&gt;Network Scan Settings-&gt;Display Scan Mode</name>
		<name>View-&gt;ProvisioningEvent Log...</name>
		<name>Configuration-&gt;NE Software Management-&gt;Download Settings</name>
		<name>Administration-&gt;Security Settings-&gt;Apply</name>
		<name>Fault-&gt;Counters List...</name>
		<name>Fault-&gt;Counters List-&gt;Counters Details</name>
		<name>Fault-&gt;Counters List-&gt;Filter</name>
		<name>Supervision-&gt;Fault-&gt;Counters List...</name>
		<name>Supervision-&gt;Fault-&gt;Counters List-&gt;Counters Details</name>
		<name>Supervision-&gt;Fault-&gt;Counters List-&gt;Filter</name>
		<name>@P Scheduler-&gt;&lt;No operations&gt;</name>
		<name>ASON-&gt;Menus-&gt;Configuration-&gt;TE-Link-&gt;New...</name>
		<name>ASON-&gt;Menus-&gt;Configuration-&gt;Call-&gt;New...</name>
		<name>ASON-&gt;Menus-&gt;Configuration-&gt;Component Link-&gt;New...</name>
		<name>ASON-&gt;Dialogs/Windows-&gt;Reserve TPs...</name>
		<name>ASON-&gt;Dialogs/Windows-&gt;List Ports</name>
		<name>Ethernet-&gt;Menus-&gt;Configuration-&gt;New Service</name>
		<name>Network-&gt;DCN-&gt;Deactivate EMs</name>
		<name>Network-&gt;DCN-&gt;Activate/Deactivate EMs</name>
		<name>ASON-&gt;TE-Link-&gt;New...</name>
		<name>Network-&gt;DCN-&gt;Connect All NEs</name>
		<name>Network-&gt;DCN-&gt;Disconnect All NEs</name>
		<name>Network-&gt;DCN-&gt;Activate All EMs</name>
		<name>Network-&gt;DCN-&gt;Deactivate All EMs</name>		
		<name>Configuration-&gt;Activate All EMs</name>
		<name>Configuration-&gt;Connect All</name>
		<name>Configuration-&gt;Connect All NEs</name>
		<name>Configuration-&gt;Deactivate All EMs</name>
		<name>Configuration-&gt;Disconnect All</name>
		<name>Configuration-&gt;Disconnect All NEs</name>
      </remove>
   </menu-option-updates>
</usm-policy-migration>