<assembly xmlns="http://maven.apache.org/plugins/maven-assembly-plugin/assembly/1.1.2" xmlns:xsi="http://www.w3.org/2001/XMLSchema-instance"
          xsi:schemaLocation="http://maven.apache.org/plugins/maven-assembly-plugin/assembly/1.1.2 http://maven.apache.org/xsd/assembly-1.1.2.xsd">

    <id>repackage</id>

    <baseDirectory>/</baseDirectory>

    <formats>
        <format>jar</format>
    </formats>

    <dependencySets>
        <dependencySet>
            <includes>
                <!--<include>com.bnpp.cardif.sugar.rest.web:*</include>-->
                <include>${project.groupId}:sugar-rest-web-api</include>
            </includes>
            <unpack>true</unpack>
            <useProjectArtifact>false</useProjectArtifact>
        </dependencySet>
    </dependencySets>

</assembly>