<assembly xmlns="http://maven.apache.org/plugins/maven-assembly-plugin/assembly/1.1.0"
          xmlns:xsi="http://www.w3.org/2001/XMLSchema-instance"
          xsi:schemaLocation="http://maven.apache.org/plugins/maven-assembly-plugin/assembly/1.1.0 http://maven.apache.org/xsd/assembly-1.1.0.xsd">

    <id>release</id>
    <formats>
        <format>zip</format>
    </formats>
    <includeBaseDirectory>false</includeBaseDirectory>
    <baseDirectory>/</baseDirectory>

    <files>
        <file>
            <source>${project.build.directory}/${project.build.finalName}-repackage.jar</source>
            <outputDirectory>api-schema</outputDirectory>
            <destName>sugar-rest-web-api-schema.jar</destName>
        </file>
    </files>

</assembly>