<?xml version="1.0" encoding="UTF-8"?>
<!DOCTYPE log4j:configuration SYSTEM "log4j.dtd">

<log4j:configuration xmlns:log4j="http://jakarta.apache.org/log4j/" debug="false" threshold="null">

    <appender name="FILE" class="org.apache.log4j.RollingFileAppender">
        <param name="file" value="${jboss.server.log.dir}/nms-web-server.log"/>
        <param name="Append" value="true"/>
        <param name="MaxFileSize" value="50m"/>
        <param name="MaxBackupIndex" value="9"/>
        <param name="encoding" value="UTF-8"/>
        <layout class="org.apache.log4j.PatternLayout">
            <param name="ConversionPattern" value="%d %-5p [%t] (%X{operation}#%X{requestId}@%X{sourceComponent}%%%X{neId}) [%c] %m%n"/>
        </layout>
    </appender>

    <!-- Atmosphere -->
    <logger name="org.atmosphere.cpr">
        <level value="WARN" />
    </logger>

    <!-- WEB (this) -->
    <logger name="com.ossnms.web">
        <level value="INFO" />
    </logger>

    <root>
        <priority value="WARN"/>
        <appender-ref ref="FILE"/>
    </root>
</log4j:configuration>
