<assembly
	xmlns="http://maven.apache.org/plugins/maven-assembly-plugin/assembly/1.1.2"
	xmlns:xsi="http://www.w3.org/2001/XMLSchema-instance"
	xsi:schemaLocation="http://maven.apache.org/plugins/maven-assembly-plugin/assembly/1.1.2 http://maven.apache.org/xsd/assembly-1.1.2.xsd">
	<id></id>
	<formats>
		<format>zip</format>
	</formats>

	<fileSets>
		<!-- Backend Binaries -->
		<fileSet>
			<directory>${project.basedir}/generated/yourapplication-backend/binaries</directory>
			<includes>
				<include>*.war</include>
			</includes>
			<outputDirectory>backend/binaries</outputDirectory>
		</fileSet>
		<!-- Backend Configuration -->
		<fileSet>
			<directory>${project.basedir}/generated/yourapplication-backend/configuration</directory>
			<includes>
				<include>**/*.*</include>
			</includes>
			<outputDirectory>backend/configuration</outputDirectory>
		</fileSet>
		
		<!-- Frontend Binaries -->
		<fileSet>
			<directory>${project.basedir}/generated/yourapplication-frontend/binaries</directory>
			<includes>
				<include>*.war</include>
			</includes>
			<outputDirectory>frontend/binaries</outputDirectory>
		</fileSet>
		<!-- Frontend Configuration -->
		<fileSet>
			<directory>${project.basedir}/generated/yourapplication-frontend/configuration</directory>
			<includes>
				<include>**/*.*</include>
			</includes>
			<outputDirectory>frontend/configuration</outputDirectory>
		</fileSet>
		<!-- run scripts -->
		<fileSet>
			<directory>${project.basedir}/src/main/resources</directory>
			<includes>
				<include>**/*.bat</include>
			</includes>
			<outputDirectory>/</outputDirectory>
		</fileSet>
	</fileSets>
	
</assembly>
