<assembly xmlns="http://maven.apache.org/plugins/maven-assembly-plugin/assembly/1.1.0"
          xmlns:xsi="http://www.w3.org/2001/XMLSchema-instance"
          xsi:schemaLocation="http://maven.apache.org/plugins/maven-assembly-plugin/assembly/1.1.0 http://maven.apache.org/xsd/assembly-1.1.0.xsd">

    <id>release</id>
    <formats>
        <format>zip</format>
    </formats>
    <includeBaseDirectory>false</includeBaseDirectory>
    <baseDirectory>/</baseDirectory>

    <files>
        <file>
            <source>${project.basedir}/../../api-mock/app.js</source>
            <outputDirectory>api-mock</outputDirectory>
        </file>
        <file>
            <source>${project.basedir}/../../api-mock/package.json</source>
            <outputDirectory>api-mock</outputDirectory>
        </file>
        <file>
            <source>${project.basedir}/../../api-mock/README.md</source>
            <outputDirectory>api-mock</outputDirectory>
        </file>
    </files>

    <fileSets>
        <fileSet>
            <directory>${project.basedir}/../../api-mock/api</directory>
            <outputDirectory>api-mock/api</outputDirectory>
        </fileSet>
        <fileSet>
            <directory>${project.basedir}/../../api-mock/config</directory>
            <outputDirectory>api-mock/config</outputDirectory>
        </fileSet>
        <fileSet>
            <directory>${project.basedir}/../../api-mock/test</directory>
            <outputDirectory>api-mock/test</outputDirectory>
        </fileSet>

    </fileSets>

</assembly>