<?xml version="1.0" encoding="UTF-8"?>
<!DOCTYPE xml>
<configuration>

  <appender name="STDOUT" class="ch.qos.logback.core.ConsoleAppender">
    <encoder>
      <pattern>%d{HH:mm:ss.SSS} [%thread] %-5level %logger{36} - %msg%n</pattern>
    </encoder>
  </appender>
  
  <appender name="AUDIT" class="ch.qos.logback.core.ConsoleAppender">
    <encoder>
      <pattern>AUDIT: %d{HH:mm:ss.SSS},%msg,%X{result},%X{binding},%X{spEntityId},%X{userLogin},%X{spKnownIdbCert},%X{tokenSesame},%X{reqRemoteHost},%X{reqXForwardedFor},%X{reqUserAgent}%n</pattern>
    </encoder>
  </appender>
  
  <logger name="com.bpc.sesame" level="DEBUG" />
  <logger name="org.apache.cxf.services.soap/sso/*.SingleSignOnServicePortType.SingleSignOnServicePortType" level="INFO" />
  
  <logger name="AUDIT_LOGGER" level="INFO">
  	<appender-ref ref="AUDIT" />
  </logger>

  <root level="WARN">
    <appender-ref ref="STDOUT" />
  </root>
</configuration>